time,Eco2,TVOC,pm10_env,pm10_standard,PM2.5,pm25_standard,pm100_env,pm100_standard,tem,CO2,Humidity_in,Temp_in
13/06/2021 21:00,400,354,9.5,9.5,12,12,14.5,14.5,30.4,518,52.35,86.72
13/06/2021 21:01,407,350.5,10.5,10.5,14,14,14,14,30.4,519.5,52.3,86.72
13/06/2021 21:02,457.5,391.5,10.5,10.5,13.5,13.5,14,14,30.4,520.5,52.4,86.72
13/06/2021 21:03,413.5,375,10,10,14,14,14,14,30.4,523,52.5,86.72
13/06/2021 21:04,430.5,373.5,10.5,10.5,15.5,15.5,15.5,15.5,30.4,524,52.55,86.72
13/06/2021 21:05,454.5,390,11,11,13,13,13,13,30.4,527,52.65,86.72
13/06/2021 21:06,487,394.5,11,11,15,15,15,15,30.4,534,52.75,86.72
13/06/2021 21:07,505.5,410,11,11,14,14,14,14,30.4,542.5,52.9,86.72
13/06/2021 21:08,528.5,424.5,10.5,10.5,13.5,13.5,13.5,13.5,30.4,552,53.05,86.72
13/06/2021 21:09,536,432,11,11,16.5,16.5,17,17,30.4,558.5,53.1,86.72
13/06/2021 21:10,547,437,10,10,13.5,13.5,13.5,13.5,30.4,567.5,53.2,86.72
13/06/2021 21:11,567,445.5,11,11,13.5,13.5,13.5,13.5,30.4,576.5,53.3,86.72
13/06/2021 21:12,580,449,12,12,15,15,15,15,30.4,584.5,53.4,86.72
13/06/2021 21:13,594.5,461.5,10.5,10.5,13.5,13.5,13.5,13.5,30.4,594.5,53.45,86.72
13/06/2021 21:14,610,465,12,12,15,15,15,15,30.45,605,53.55,86.81
13/06/2021 21:15,618,472.5,11.5,11.5,15,15,16,16,30.5,614.5,53.65,86.9
13/06/2021 21:16,621,483.5,10.5,10.5,14,14,14,14,30.5,621,53.75,86.9
13/06/2021 21:17,642,484,10.5,10.5,14,14,14.5,14.5,30.5,629.5,53.85,86.9
13/06/2021 21:18,652,491.5,10,10,12.5,12.5,13,13,30.5,639,53.95,86.9
13/06/2021 21:19,661,501.5,11,11,14,14,14,14,30.45,651.5,54.05,86.81
13/06/2021 21:20,661.5,502.5,9,9,12.5,12.5,12.5,12.5,30.5,662,54.25,86.9
13/06/2021 21:21,682,504,10.5,10.5,15,15,16,16,30.5,672,54.3,86.9
13/06/2021 21:22,678,510.5,10.5,10.5,13,13,15.5,15.5,30.5,680,54.3,86.9
13/06/2021 21:23,685,514,10,10,13,13,13,13,30.5,685.5,54.4,86.9
13/06/2021 21:24,700,523,9.5,9.5,12,12,12.5,12.5,30.5,692,54.5,86.9
13/06/2021 21:25,707.5,520,9.5,9.5,13.5,13.5,14,14,30.5,698.5,54.55,86.9
13/06/2021 21:26,716,532,10.5,10.5,13.5,13.5,14.5,14.5,30.5,704,54.7,86.9
13/06/2021 21:27,727.5,533.5,11,11,14,14,14,14,30.5,710.5,54.8,86.9
13/06/2021 21:28,729.5,535.5,9.5,9.5,12,12,12,12,30.5,717.5,54.9,86.9
13/06/2021 21:29,741,538.5,9.5,9.5,12,12,13,13,30.5,724,54.95,86.9
13/06/2021 21:30,747.5,545,10.5,10.5,14,14,14,14,30.5,730.5,55.05,86.9
13/06/2021 21:31,757,545,10.5,10.5,13,13,13,13,30.5,738,55.1,86.9
13/06/2021 21:32,761.5,553.5,10.5,10.5,13,13,13,13,30.5,747.5,55.2,86.9
13/06/2021 21:33,765.5,555.5,11,11,14,14,14,14,30.5,758.5,55.25,86.9
13/06/2021 21:34,770,557,10.5,10.5,14,14,14,14,30.5,769,55.3,86.9
13/06/2021 21:35,769,563,10,10,13.5,13.5,13.5,13.5,30.5,779,55.4,86.9
13/06/2021 21:36,785,566,9.5,9.5,13,13,13,13,30.5,787,55.45,86.9
13/06/2021 21:37,784,570.5,10,10,13,13,13,13,30.5,796,55.6,86.9
13/06/2021 21:38,788,570.5,10,10,12,12,12.5,12.5,30.5,803,55.65,86.9
13/06/2021 21:39,803,579,10,10,12.5,12.5,12.5,12.5,30.5,811,55.75,86.9
13/06/2021 21:40,811,585.5,11,11,13,13,13,13,30.5,819,55.85,86.9
13/06/2021 21:41,815,586.5,10.5,10.5,14,14,14,14,30.5,824.5,55.95,86.9
13/06/2021 21:42,822.5,587,11,11,12.5,12.5,12.5,12.5,30.5,831,56,86.9
13/06/2021 21:43,831,592.5,9,9,12,12,12,12,30.5,837.5,56,86.9
13/06/2021 21:44,828.5,595,11,11,16.5,16.5,16.5,16.5,30.5,843.5,56.1,86.9
13/06/2021 21:45,839.5,591.5,10,10,17,17,17,17,30.5,851,56.15,86.9
13/06/2021 21:46,847.5,595,10,10,11,11,11,11,30.5,856.5,56.2,86.9
13/06/2021 21:47,841.5,594,11,11,13,13,13,13,30.5,860.5,56.2,86.9
13/06/2021 21:48,853.5,602.5,9.5,9.5,12,12,12.5,12.5,30.5,865,56.3,86.9
13/06/2021 21:49,855,607,10,10,14,14,14,14,30.5,872,56.35,86.9
13/06/2021 21:50,871.5,611,10.5,10.5,13.5,13.5,13.5,13.5,30.5,885.5,56.5,86.9
13/06/2021 21:51,874,609,10.5,10.5,14,14,14,14,30.5,928.5,56.75,86.9
13/06/2021 21:52,881,614,10,10,15,15,15.5,15.5,30.5,952.5,56.9,86.9
13/06/2021 21:53,877,610.5,11,11,13,13,13.5,13.5,30.5,969,57.05,86.9
13/06/2021 21:54,897,620.5,9.5,9.5,13,13,13,13,30.5,984.5,57.1,86.9
13/06/2021 21:55,906.5,622,10.5,10.5,14,14,14,14,30.5,992.5,57.2,86.9
13/06/2021 21:56,909,623,10,10,12.5,12.5,12.5,12.5,30.5,995.5,57.2,86.9
13/06/2021 21:57,905.5,624,10.5,10.5,12.5,12.5,12.5,12.5,30.5,996.5,57.25,86.9
13/06/2021 21:58,917.5,629,10,10,13.5,13.5,13.5,13.5,30.5,994,57.25,86.9
13/06/2021 21:59,927.5,636,10,10,12.5,12.5,12.5,12.5,30.5,996,57.3,86.9
13/06/2021 22:00,923.5,630,9.5,9.5,12.5,12.5,12.5,12.5,30.5,998,57.4,86.9
13/06/2021 22:01,924.5,637.5,9.5,9.5,12,12,12.5,12.5,30.5,1001.5,57.5,86.9
13/06/2021 22:02,928,646,10,10,14,14,14.5,14.5,30.5,1003,57.55,86.9
13/06/2021 22:03,925,643.5,10.5,10.5,13.5,13.5,13.5,13.5,30.5,1006.5,57.6,86.9
13/06/2021 22:04,924.5,647.5,10,10,13.5,13.5,14.5,14.5,30.5,1004.5,57.65,86.9
13/06/2021 22:05,930.5,649,10,10,13.5,13.5,14,14,30.5,1008.5,57.8,86.9
13/06/2021 22:06,952,657,11,11,13,13,13.5,13.5,30.5,1013.5,57.8,86.9
13/06/2021 22:07,951,649.5,8,8,11,11,11,11,30.5,1018,57.85,86.9
13/06/2021 22:08,949.5,651.5,9,9,12.5,12.5,13,13,30.5,1021.5,57.9,86.9
13/06/2021 22:09,964.5,657,10,10,12,12,12.5,12.5,30.5,1024.5,58,86.9
13/06/2021 22:10,970,665,9,9,11.5,11.5,11.5,11.5,30.5,1028,58.1,86.9
13/06/2021 22:11,970.5,667.5,9.5,9.5,13,13,13,13,30.5,1033,58.15,86.9
13/06/2021 22:12,982,663.5,10,10,13,13,13,13,30.5,1040,58.25,86.9
13/06/2021 22:13,984,674,10.5,10.5,13.5,13.5,13.5,13.5,30.5,1048,58.35,86.9
13/06/2021 22:14,996.5,676,9.5,9.5,12,12,13,13,30.5,1054.5,58.4,86.9
13/06/2021 22:15,995.5,681.5,8.5,8.5,11,11,11,11,30.5,1059.5,58.5,86.9
13/06/2021 22:16,997,678,10.5,10.5,12.5,12.5,12.5,12.5,30.45,1067.5,58.5,86.81
13/06/2021 22:17,1003,683.5,9.5,9.5,12.5,12.5,12.5,12.5,30.5,1072,58.55,86.9
13/06/2021 22:18,1013,683,9.5,9.5,14.5,14.5,15,15,30.5,1077,58.7,86.9
13/06/2021 22:19,1009,688.5,9,9,13,13,13,13,30.5,1082.5,58.75,86.9
13/06/2021 22:20,1013,691.5,8.5,8.5,10.5,10.5,10.5,10.5,30.5,1091,58.95,86.9
13/06/2021 22:21,1021,699.5,10,10,11.5,11.5,11.5,11.5,30.5,1101,59.15,86.9
13/06/2021 22:22,1026.5,687,9.5,9.5,12,12,12,12,30.5,1115.5,59.3,86.9
13/06/2021 22:23,1031.5,694.5,8.5,8.5,11,11,11.5,11.5,30.5,1126,59.7,86.9
13/06/2021 22:24,1030,694,9.5,9.5,14,14,14.5,14.5,30.5,1135,59.8,86.9
13/06/2021 22:25,1034.5,695,8.5,8.5,10.5,10.5,10.5,10.5,30.5,1144.5,59.95,86.9
13/06/2021 22:26,1041,695.5,10,10,12.5,12.5,12.5,12.5,30.5,1154.5,60.05,86.9
13/06/2021 22:27,1048,713,9.5,9.5,11.5,11.5,11.5,11.5,30.5,1164.5,60.15,86.9
13/06/2021 22:28,1051.5,725,9.5,9.5,12.5,12.5,12.5,12.5,30.5,1173,60.2,86.9
13/06/2021 22:29,1050.5,696.5,9.5,9.5,12.5,12.5,12.5,12.5,30.5,1178,60.25,86.9
13/06/2021 22:30,1065,723,9.5,9.5,12,12,12,12,30.45,1182.5,60.3,86.81
13/06/2021 22:31,1057.5,744,10,10,13,13,13.5,13.5,30.45,1184.5,60.35,86.81
13/06/2021 22:32,1069.5,773,9,9,11,11,11,11,30.45,1186.5,60.4,86.81
13/06/2021 22:33,1083,772,9,9,11.5,11.5,11.5,11.5,30.5,1190.5,60.5,86.9
13/06/2021 22:34,1084,789,9,9,12,12,12,12,30.5,1193,60.6,86.9
13/06/2021 22:35,1094.5,809,9,9,12.5,12.5,12.5,12.5,30.5,1198,60.6,86.9
13/06/2021 22:36,1078.5,792,8,8,10,10,10,10,30.5,1202.5,60.65,86.9
13/06/2021 22:37,1096.5,809,9,9,11.5,11.5,11.5,11.5,30.5,1210.5,60.8,86.9
13/06/2021 22:38,1105,837,8,8,11,11,11,11,30.5,1218,60.9,86.9
13/06/2021 22:39,1109,839,10.5,10.5,13,13,13.5,13.5,30.5,1224.5,61.05,86.9
13/06/2021 22:40,1122,847.5,8.5,8.5,9.5,9.5,9.5,9.5,30.5,1232,61.25,86.9
13/06/2021 22:41,1133,865,8.5,8.5,11,11,11,11,30.5,1239.5,61.25,86.9
13/06/2021 22:42,1139.5,882,9.5,9.5,12.5,12.5,12.5,12.5,30.5,1246.5,61.3,86.9
13/06/2021 22:43,1136,863,9,9,11,11,11.5,11.5,30.5,1252,61.3,86.9
13/06/2021 22:44,1133.5,867.5,8.5,8.5,11.5,11.5,11.5,11.5,30.5,1260,61.3,86.9
13/06/2021 22:45,1145,900,9.5,9.5,11,11,11,11,30.5,1266,61.4,86.9
13/06/2021 22:46,1139.5,889,10,10,11.5,11.5,11.5,11.5,30.5,1271.5,61.5,86.9
13/06/2021 22:47,1153,891.5,9,9,10.5,10.5,10.5,10.5,30.5,1275.5,61.5,86.9
13/06/2021 22:48,1144.5,921,8,8,10,10,10,10,30.5,1282,61.55,86.9
13/06/2021 22:49,1160,899,9.5,9.5,12.5,12.5,12.5,12.5,30.5,1289,61.6,86.9
13/06/2021 22:50,1170.5,934.5,10,10,12,12,12,12,30.5,1294,61.7,86.9
13/06/2021 22:51,1172.5,926,7.5,7.5,9.5,9.5,9.5,9.5,30.5,1298,61.75,86.9
13/06/2021 22:52,1175.5,958,8,8,10,10,10,10,30.5,1304.5,61.8,86.9
13/06/2021 22:53,1174,943,8.5,8.5,10.5,10.5,10.5,10.5,30.45,1310.5,61.8,86.81
13/06/2021 22:54,1170,955.5,8.5,8.5,11,11,11,11,30.5,1313.5,61.9,86.9
13/06/2021 22:55,1177,967,9,9,11,11,11,11,30.5,1316,61.9,86.9
13/06/2021 22:56,1190,975,9.5,9.5,13,13,13,13,30.5,1318.5,61.9,86.9
13/06/2021 22:57,1188.5,1004.5,8,8,10.5,10.5,10.5,10.5,30.45,1322.5,61.9,86.81
13/06/2021 22:58,1190,1003.5,8,8,10.5,10.5,11.5,11.5,30.5,1326,62,86.9
13/06/2021 22:59,1199.5,1017,9,9,10.5,10.5,10.5,10.5,30.5,1330,62.05,86.9
13/06/2021 23:00,1198,1031.5,8.5,8.5,10.5,10.5,10.5,10.5,30.5,1336.5,62.1,86.9
13/06/2021 23:01,1203,999.5,9,9,11,11,11,11,30.4,1341.5,62,86.72
13/06/2021 23:02,1205,1014.5,8.5,8.5,11,11,11.5,11.5,30.5,1346,62.1,86.9
13/06/2021 23:03,1222.5,1034,9,9,11.5,11.5,11.5,11.5,30.45,1348,62.05,86.81
13/06/2021 23:04,1222.5,1028.5,9,9,11,11,11,11,30.5,1349,62.15,86.9
13/06/2021 23:05,1221.5,1047,8,8,11.5,11.5,11.5,11.5,30.45,1352,62.1,86.81
13/06/2021 23:06,1232.5,1044,9.5,9.5,11.5,11.5,11.5,11.5,30.45,1356,62.15,86.81
13/06/2021 23:07,1223.5,1043.5,9,9,11,11,11,11,30.45,1362.5,62.15,86.81
13/06/2021 23:08,1222.5,1053,8.5,8.5,10.5,10.5,11.5,11.5,30.4,1368.5,62.15,86.72
13/06/2021 23:09,1226,1084,8.5,8.5,12,12,12,12,30.4,1375.5,62.3,86.72
13/06/2021 23:10,1236,1064,9,9,11,11,11,11,30.45,1381.5,62.35,86.81
13/06/2021 23:11,1239.5,1045.5,8.5,8.5,12,12,12,12,30.4,1386,62.3,86.72
13/06/2021 23:12,1233.5,1073.5,8,8,11,11,11,11,30.4,1393.5,62.4,86.72
13/06/2021 23:13,1232,1073.5,8.5,8.5,10,10,10,10,30.45,1404.5,62.6,86.81
13/06/2021 23:14,1243,1090,9,9,12,12,12,12,30.4,1411.5,62.6,86.72
13/06/2021 23:15,1240.5,1083,7.5,7.5,11,11,11,11,30.4,1418,62.6,86.72
13/06/2021 23:16,1243.5,1092.5,9,9,11,11,11,11,30.4,1424,62.6,86.72
13/06/2021 23:17,1260,1123,9,9,11,11,11,11,30.4,1425.5,62.65,86.72
13/06/2021 23:18,1266.5,1110.5,9,9,11.5,11.5,11.5,11.5,30.4,1430.5,62.75,86.72
13/06/2021 23:19,1276.5,1131,8,8,10.5,10.5,11.5,11.5,30.4,1434.5,62.8,86.72
13/06/2021 23:20,1274,1123,9,9,11.5,11.5,11.5,11.5,30.4,1438.5,62.9,86.72
13/06/2021 23:21,1275.5,1124,9,9,11.5,11.5,11.5,11.5,30.4,1443.5,62.95,86.72
13/06/2021 23:22,1276.5,1121,9,9,11,11,11.5,11.5,30.4,1451,63,86.72
13/06/2021 23:23,1278.5,1133,8,8,10,10,10,10,30.4,1458.5,63,86.72
13/06/2021 23:24,1285.5,1129,9,9,11,11,11,11,30.4,1464.5,63.1,86.72
13/06/2021 23:25,1288,1148,8.5,8.5,10,10,10,10,30.4,1472,63.1,86.72
13/06/2021 23:26,1287.5,1144.5,9,9,10.5,10.5,10.5,10.5,30.4,1477,63.1,86.72
13/06/2021 23:27,1289,1138.5,8.5,8.5,12.5,12.5,12.5,12.5,30.4,1483.5,63.1,86.72
13/06/2021 23:28,1288.5,1133.5,9,9,14,14,14,14,30.4,1489,63.1,86.72
13/06/2021 23:29,1292,1171,9,9,11,11,11.5,11.5,30.4,1495,63.1,86.72
13/06/2021 23:30,1297,1164.5,8,8,11.5,11.5,11.5,11.5,30.4,1498.5,63.1,86.72
13/06/2021 23:31,1300.5,1164.5,8.5,8.5,10,10,10,10,30.4,1500,63.1,86.72
13/06/2021 23:32,1284.5,1200,8.5,8.5,11,11,11,11,30.4,1500.5,63.05,86.72
13/06/2021 23:33,1298,1177,7.5,7.5,9.5,9.5,10,10,30.4,1503.5,63.1,86.72
13/06/2021 23:34,1298,1165.5,6.5,6.5,9,9,9,9,30.4,1509,63.1,86.72
13/06/2021 23:35,1292,1177,7,7,9,9,9,9,30.4,1512,63.1,86.72
13/06/2021 23:36,1297.5,1177.5,6.5,6.5,9.5,9.5,10,10,30.4,1516.5,63.1,86.72
13/06/2021 23:37,1296,1202,8,8,11.5,11.5,11.5,11.5,30.4,1519,63.1,86.72
13/06/2021 23:38,1314,1214.5,9,9,11,11,11,11,30.4,1525.5,63.1,86.72
13/06/2021 23:39,1312,1201,8,8,11,11,11,11,30.4,1529,63.05,86.72
13/06/2021 23:40,1309.5,1215,9,9,10.5,10.5,11,11,30.4,1535,63.1,86.72
13/06/2021 23:41,1316,1200,8,8,10,10,10,10,30.4,1540,63.1,86.72
13/06/2021 23:42,1306,1221,7,7,9,9,11,11,30.4,1543,63.1,86.72
13/06/2021 23:43,1314,1212.5,8,8,10,10,10.5,10.5,30.4,1548,63.1,86.72
13/06/2021 23:44,1320,1215.5,7,7,8.5,8.5,8.5,8.5,30.4,1551,63.1,86.72
13/06/2021 23:45,1334.5,1213,8.5,8.5,10.5,10.5,10.5,10.5,30.4,1555.5,63.1,86.72
13/06/2021 23:46,1330,1235,7.5,7.5,10.5,10.5,10.5,10.5,30.4,1558.5,63.1,86.72
13/06/2021 23:47,1328.5,1231.5,7.5,7.5,10,10,10,10,30.4,1563.5,63.1,86.72
13/06/2021 23:48,1337.5,1256.5,8,8,10.5,10.5,10.5,10.5,30.4,1566,63.2,86.72
13/06/2021 23:49,1341.5,1241,8.5,8.5,10,10,11,11,30.4,1571.5,63.2,86.72
13/06/2021 23:50,1329,1248.5,7.5,7.5,9,9,9,9,30.4,1577,63.2,86.72
13/06/2021 23:51,1342.5,1277.5,8,8,10.5,10.5,10.5,10.5,30.4,1582,63.2,86.72
13/06/2021 23:52,1338,1271.5,8,8,10.5,10.5,10.5,10.5,30.4,1588.5,63.2,86.72
13/06/2021 23:53,1342.5,1273,7.5,7.5,10,10,10,10,30.4,1592.5,63.2,86.72
13/06/2021 23:54,1344.5,1270,8,8,10,10,10,10,30.4,1594.5,63.2,86.72
13/06/2021 23:55,1346.5,1246.5,6.5,6.5,9,9,9,9,30.4,1598,63.2,86.72
13/06/2021 23:56,1342,1272.5,9,9,11,11,11,11,30.4,1603.5,63.25,86.72
13/06/2021 23:57,1343.5,1268,8,8,10,10,11,11,30.4,1610.5,63.2,86.72
13/06/2021 23:58,1347,1266,7.5,7.5,9.5,9.5,10,10,30.4,1615.5,63.25,86.72
13/06/2021 23:59,1347.5,1290,7,7,9.5,9.5,9.5,9.5,30.4,1619,63.3,86.72
14/06/2021 00:00,1361.5,1307.5,7.5,7.5,9,9,9,9,30.4,1623.5,63.3,86.72
14/06/2021 00:01,1360.5,1319,7.5,7.5,10.5,10.5,10.5,10.5,30.4,1628.5,63.3,86.72
14/06/2021 00:02,1363.5,1300.5,8,8,9.5,9.5,9.5,9.5,30.4,1636.5,63.35,86.72
14/06/2021 00:03,1372.5,1337,7.5,7.5,10,10,10,10,30.4,1645,63.4,86.72
14/06/2021 00:04,1371.5,1322.5,9.5,9.5,12,12,12,12,30.4,1649,63.5,86.72
14/06/2021 00:05,1365.5,1330,7.5,7.5,10.5,10.5,10.5,10.5,30.4,1657,63.55,86.72
14/06/2021 00:06,1370.5,1335,8,8,10.5,10.5,10.5,10.5,30.4,1662,63.6,86.72
14/06/2021 00:07,1373,1333,7.5,7.5,9.5,9.5,9.5,9.5,30.4,1668,63.7,86.72
14/06/2021 00:08,1375,1332,8,8,10,10,10,10,30.4,1674,63.7,86.72
14/06/2021 00:09,1396.5,1348.5,9,9,11,11,11,11,30.4,1680,63.75,86.72
14/06/2021 00:10,1416,1380,8,8,9.5,9.5,9.5,9.5,30.4,1684.5,63.8,86.72
14/06/2021 00:11,1422.5,1380.5,9,9,11,11,11,11,30.4,1686.5,63.85,86.72
14/06/2021 00:12,1425,1366.5,8,8,10,10,10,10,30.4,1691,63.9,86.72
14/06/2021 00:13,1422.5,1380,8,8,9,9,9,9,30.4,1695.5,64,86.72
14/06/2021 00:14,1426.5,1381,8,8,9.5,9.5,9.5,9.5,30.4,1699,64.1,86.72
14/06/2021 00:15,1422.5,1394.5,8.5,8.5,10.5,10.5,11,11,30.4,1705,64.1,86.72
14/06/2021 00:16,1443.5,1424,6.5,6.5,8.5,8.5,8.5,8.5,30.4,1713,64.1,86.72
14/06/2021 00:17,1437,1410.5,8,8,11,11,11,11,30.4,1718,64.2,86.72
14/06/2021 00:18,1430.5,1394.5,7.5,7.5,9.5,9.5,9.5,9.5,30.4,1723,64.25,86.72
14/06/2021 00:19,1432.5,1413.5,7,7,9,9,9.5,9.5,30.4,1726,64.3,86.72
14/06/2021 00:20,1438,1411.5,8.5,8.5,9.5,9.5,9.5,9.5,30.4,1729,64.4,86.72
14/06/2021 00:21,1450,1451.5,9,9,11,11,11,11,30.4,1731.5,64.5,86.72
14/06/2021 00:22,1434,1422,7.5,7.5,9.5,9.5,9.5,9.5,30.4,1736,64.5,86.72
14/06/2021 00:23,1448.5,1421,7.5,7.5,10,10,10,10,30.4,1739.5,64.5,86.72
14/06/2021 00:24,1445.5,1414.5,7.5,7.5,10,10,10,10,30.4,1741.5,64.5,86.72
14/06/2021 00:25,1456,1430,8,8,9,9,9,9,30.4,1748.5,64.5,86.72
14/06/2021 00:26,1447,1435.5,8,8,11,11,11,11,30.4,1753,64.6,86.72
14/06/2021 00:27,1442,1429,7.5,7.5,10.5,10.5,10.5,10.5,30.4,1761,64.65,86.72
14/06/2021 00:28,1444,1430.5,7,7,10.5,10.5,10.5,10.5,30.4,1768,64.65,86.72
14/06/2021 00:29,1447,1439,6,6,8,8,8,8,30.4,1771.5,64.7,86.72
14/06/2021 00:30,1457,1449.5,6.5,6.5,9,9,9.5,9.5,30.4,1773.5,64.7,86.72
14/06/2021 00:31,1457.5,1437,8,8,9.5,9.5,9.5,9.5,30.4,1778,64.7,86.72
14/06/2021 00:32,1462,1446,7,7,9.5,9.5,9.5,9.5,30.4,1783,64.75,86.72
14/06/2021 00:33,1480,1483,8,8,9.5,9.5,9.5,9.5,30.4,1787.5,64.8,86.72
14/06/2021 00:34,1484,1476,9,9,11.5,11.5,11.5,11.5,30.4,1789.5,64.8,86.72
14/06/2021 00:35,1495,1461,7.5,7.5,10,10,10,10,30.4,1793,64.85,86.72
14/06/2021 00:36,1489.5,1464,7,7,10,10,10,10,30.4,1797.5,64.9,86.72
14/06/2021 00:37,1486.5,1476.5,8.5,8.5,10,10,10.5,10.5,30.4,1799.5,64.9,86.72
14/06/2021 00:38,1491.5,1460,7.5,7.5,9.5,9.5,10,10,30.4,1805.5,65,86.72
14/06/2021 00:39,1493.5,1473,8,8,10,10,11,11,30.4,1808.5,65,86.72
14/06/2021 00:40,1484.5,1479.5,6,6,8,8,8.5,8.5,30.4,1811,65,86.72
14/06/2021 00:41,1470,1454.5,7.5,7.5,9.5,9.5,9.5,9.5,30.4,1815.5,65,86.72
14/06/2021 00:42,1467,1440,7,7,9,9,9,9,30.4,1814,65,86.72
14/06/2021 00:43,1484.5,1451,8.5,8.5,9.5,9.5,9.5,9.5,30.4,1812,65,86.72
14/06/2021 00:44,1484.5,1471,8,8,9,9,9.5,9.5,30.4,1812.5,65,86.72
14/06/2021 00:45,1474.5,1481.5,7,7,9,9,9,9,30.4,1812.5,65,86.72
14/06/2021 00:46,1461.5,1464.5,6,6,7.5,7.5,7.5,7.5,30.4,1812,65,86.72
14/06/2021 00:47,1481.5,1468,7,7,9,9,9.5,9.5,30.4,1803,65,86.72
14/06/2021 00:48,1479.5,1475.5,8,8,10.5,10.5,11.5,11.5,30.4,1799,65.15,86.72
14/06/2021 00:49,1488,1490,8,8,10.5,10.5,10.5,10.5,30.4,1801.5,65.25,86.72
14/06/2021 00:50,1491,1490,7,7,11,11,11,11,30.4,1807,65.4,86.72
14/06/2021 00:51,1511.5,1528,6.5,6.5,8.5,8.5,8.5,8.5,30.4,1812.5,65.4,86.72
14/06/2021 00:52,1493,1501.5,6.5,6.5,9,9,9,9,30.35,1821.5,65.5,86.63
14/06/2021 00:53,1501,1512,7.5,7.5,10,10,10,10,30.35,1829.5,65.55,86.63
14/06/2021 00:54,1503.5,1513,7,7,9,9,9,9,30.4,1840.5,65.7,86.72
14/06/2021 00:55,1507.5,1533.5,7.5,7.5,8.5,8.5,8.5,8.5,30.35,1850.5,65.8,86.63
14/06/2021 00:56,1515.5,1535.5,7,7,9.5,9.5,9.5,9.5,30.3,1860.5,65.9,86.54
14/06/2021 00:57,1527.5,1546,7.5,7.5,9,9,10,10,30.4,1871.5,66,86.72
14/06/2021 00:58,1530,1554,6.5,6.5,8.5,8.5,8.5,8.5,30.35,1880.5,66.05,86.63
14/06/2021 00:59,1524,1550.5,8,8,9.5,9.5,9.5,9.5,30.35,1888,66.1,86.63
14/06/2021 01:00,1539,1576,8.5,8.5,10.5,10.5,10.5,10.5,30.4,1897,66.2,86.72
14/06/2021 01:01,1547,1578,7,7,10,10,10,10,30.4,1903,66.3,86.72
14/06/2021 01:02,1543,1583,7,7,9,9,9,9,30.4,1910,66.3,86.72
14/06/2021 01:03,1540,1559.5,7,7,9.5,9.5,9.5,9.5,30.4,1917,66.45,86.72
14/06/2021 01:04,1546,1596.5,8.5,8.5,11,11,11,11,30.4,1928,66.55,86.72
14/06/2021 01:05,1557.5,1600,6.5,6.5,8.5,8.5,8.5,8.5,30.4,1934,66.6,86.72
14/06/2021 01:06,1555.5,1615.5,8.5,8.5,10,10,10,10,30.4,1940,66.65,86.72
14/06/2021 01:07,1548,1597,7.5,7.5,9.5,9.5,9.5,9.5,30.4,1944.5,66.7,86.72
14/06/2021 01:08,1555.5,1602,8,8,8.5,8.5,8.5,8.5,30.4,1951.5,66.75,86.72
14/06/2021 01:09,1565.5,1611.5,7,7,8.5,8.5,8.5,8.5,30.4,1958,66.8,86.72
14/06/2021 01:10,1559.5,1651,7.5,7.5,10,10,10,10,30.4,1964,66.8,86.72
14/06/2021 01:11,1564.5,1613.5,8,8,10,10,10,10,30.4,1968.5,66.8,86.72
14/06/2021 01:12,1581.5,1630,7.5,7.5,9.5,9.5,9.5,9.5,30.4,1974.5,66.8,86.72
14/06/2021 01:13,1587,1635.5,7.5,7.5,9.5,9.5,9.5,9.5,30.4,1981.5,66.9,86.72
14/06/2021 01:14,1609,1627,7.5,7.5,9.5,9.5,9.5,9.5,30.4,1990.5,66.95,86.72
14/06/2021 01:15,1614.5,1635,8.5,8.5,11.5,11.5,11.5,11.5,30.35,1999.5,66.95,86.63
14/06/2021 01:16,1589,1650,8,8,10,10,10,10,30.4,2004.5,66.95,86.72
14/06/2021 01:17,1575.5,1620.5,5.5,5.5,8,8,8,8,30.4,2006.5,66.9,86.72
14/06/2021 01:18,1606.5,1633.5,7.5,7.5,9.5,9.5,9.5,9.5,30.4,2011.5,66.9,86.72
14/06/2021 01:19,1577.5,1644,7,7,10,10,10,10,30.4,2019.5,67,86.72
14/06/2021 01:20,1609,1637.5,8,8,14,14,14,14,30.4,2026,67,86.72
14/06/2021 01:21,1614,1629,8,8,12.5,12.5,12.5,12.5,30.4,2030,66.95,86.72
14/06/2021 01:22,1613.5,1662.5,7.5,7.5,10,10,10,10,30.4,2030.5,66.9,86.72
14/06/2021 01:23,1598.5,1662.5,7,7,9.5,9.5,9.5,9.5,30.4,2038.5,66.95,86.72
14/06/2021 01:24,1609,1660.5,7.5,7.5,9,9,9,9,30.4,2048,67,86.72
14/06/2021 01:25,1590,1641.5,7.5,7.5,10,10,10,10,30.4,2059,67.1,86.72
14/06/2021 01:26,1611.5,1673.5,7,7,9,9,9.5,9.5,30.4,2062.5,67.05,86.72
14/06/2021 01:27,1654,1673,9,9,11,11,11,11,30.35,2064.5,67,86.63
14/06/2021 01:28,1671,1679.5,8.5,8.5,10.5,10.5,10.5,10.5,30.35,2066.5,67.05,86.63
14/06/2021 01:29,1658.5,1673,8,8,10,10,10,10,30.4,2074.5,67.2,86.72
14/06/2021 01:30,1646,1691,6,6,8,8,8,8,30.4,2077,67.2,86.72
14/06/2021 01:31,1667.5,1672,7.5,7.5,9,9,9,9,30.35,2080.5,67.2,86.63
14/06/2021 01:32,1684,1682,8,8,9.5,9.5,10,10,30.4,2084,67.3,86.72
14/06/2021 01:33,1688.5,1691,7,7,10,10,10,10,30.35,2087.5,67.25,86.63
14/06/2021 01:34,1648.5,1711,6.5,6.5,7.5,7.5,7.5,7.5,30.4,2091.5,67.35,86.72
14/06/2021 01:35,1652,1678.5,8,8,10,10,10,10,30.4,2100,67.4,86.72
14/06/2021 01:36,1676,1699.5,8,8,10,10,10,10,30.4,2108,67.4,86.72
14/06/2021 01:37,1678,1707.5,6.5,6.5,8.5,8.5,8.5,8.5,30.4,2113.5,67.4,86.72
14/06/2021 01:38,1693.5,1709.5,7,7,10,10,10.5,10.5,30.4,2121,67.4,86.72
14/06/2021 01:39,1722,1718,8.5,8.5,9.5,9.5,9.5,9.5,30.35,2128,67.4,86.63
14/06/2021 01:40,1696.5,1706.5,8.5,8.5,9.5,9.5,9.5,9.5,30.4,2134,67.5,86.72
14/06/2021 01:41,1726.5,1720,6.5,6.5,8.5,8.5,8.5,8.5,30.4,2134.5,67.55,86.72
14/06/2021 01:42,1716.5,1710.5,7.5,7.5,10,10,10.5,10.5,30.4,2135.5,67.55,86.72
14/06/2021 01:43,1749.5,1730.5,7,7,9,9,9,9,30.4,2142.5,67.6,86.72
14/06/2021 01:44,1736,1717,6.5,6.5,9,9,9,9,30.4,2148,67.7,86.72
14/06/2021 01:45,1718.5,1707,7,7,10,10,10,10,30.4,2153.5,67.7,86.72
14/06/2021 01:46,1751,1725.5,6,6,8.5,8.5,8.5,8.5,30.4,2157,67.7,86.72
14/06/2021 01:47,1752,1721.5,6.5,6.5,7.5,7.5,7.5,7.5,30.4,2165,67.85,86.72
14/06/2021 01:48,1745,1728.5,6,6,8,8,8,8,30.4,2174.5,67.9,86.72
14/06/2021 01:49,1741.5,1729.5,6.5,6.5,9,9,9,9,30.4,2181,68,86.72
14/06/2021 01:50,1753,1745.5,7.5,7.5,10,10,10,10,30.35,2182.5,68,86.63
14/06/2021 01:51,1763.5,1724,7.5,7.5,10,10,10,10,30.4,2185,68.15,86.72
14/06/2021 01:52,1809.5,1710.5,7,7,9.5,9.5,9.5,9.5,30.4,2187.5,68.2,86.72
14/06/2021 01:53,1785,1738.5,6,6,8,8,8,8,30.4,2187,68.25,86.72
14/06/2021 01:54,1811.5,1745.5,7,7,9,9,9,9,30.4,2192,68.3,86.72
14/06/2021 01:55,1796,1749,7,7,10.5,10.5,10.5,10.5,30.4,2201,68.4,86.72
14/06/2021 01:56,1800.5,1751.5,7,7,10,10,10,10,30.4,2208,68.5,86.72
14/06/2021 01:57,1802.5,1758,7,7,8.5,8.5,8.5,8.5,30.4,2214.5,68.55,86.72
14/06/2021 01:58,1826.5,1777.5,6.5,6.5,8.5,8.5,8.5,8.5,30.4,2219.5,68.6,86.72
14/06/2021 01:59,1851,1756,7,7,9,9,9,9,30.4,2222.5,68.7,86.72
14/06/2021 02:00,1875,1764,7,7,9,9,9,9,30.4,2224.5,68.7,86.72
14/06/2021 02:01,1847.5,1765,7.5,7.5,9.5,9.5,9.5,9.5,30.35,2227.5,68.7,86.63
14/06/2021 02:02,1890,1786,7,7,9,9,9,9,30.35,2232.5,68.75,86.63
14/06/2021 02:03,1859,1781.5,4.5,4.5,6,6,6,6,30.4,2239.5,68.8,86.72
14/06/2021 02:04,1899.5,1772.5,6,6,8,8,8,8,30.3,2239.5,68.8,86.54
14/06/2021 02:05,1896,1794,6.5,6.5,8.5,8.5,8.5,8.5,30.35,2243,68.85,86.63
14/06/2021 02:06,1853.5,1746,6.5,6.5,8.5,8.5,8.5,8.5,30.35,2246,68.85,86.63
14/06/2021 02:07,1802.5,1766,8,8,10.5,10.5,10.5,10.5,30.3,2249.5,68.8,86.54
14/06/2021 02:08,1803.5,1766,7,7,9,9,9,9,30.4,2245,68.8,86.72
14/06/2021 02:09,1847,1767,6.5,6.5,7.5,7.5,8.5,8.5,30.4,2241,68.8,86.72
14/06/2021 02:10,1836,1751.5,7,7,9.5,9.5,9.5,9.5,30.3,2237.5,68.75,86.54
14/06/2021 02:11,1816.5,1744,7.5,7.5,9.5,9.5,9.5,9.5,30.3,2235.5,68.85,86.54
14/06/2021 02:12,1852,1754.5,6.5,6.5,8.5,8.5,8.5,8.5,30.3,2230.5,68.8,86.54
14/06/2021 02:13,1847.5,1776.5,6.5,6.5,9.5,9.5,9.5,9.5,30.3,2226,68.9,86.54
14/06/2021 02:14,1839.5,1748.5,7.5,7.5,9,9,9.5,9.5,30.3,2223.5,68.9,86.54
14/06/2021 02:15,1847.5,1779,7,7,8.5,8.5,8.5,8.5,30.3,2218.5,68.9,86.54
14/06/2021 02:16,1857.5,1780,7,7,8.5,8.5,8.5,8.5,30.3,2219.5,68.95,86.54
14/06/2021 02:17,1866,1791,7,7,8.5,8.5,8.5,8.5,30.3,2220,68.95,86.54
14/06/2021 02:18,1903,1797.5,8,8,10.5,10.5,10.5,10.5,30.3,2219.5,69,86.54
14/06/2021 02:19,1907.5,1800.5,6.5,6.5,9,9,9,9,30.3,2214.5,68.95,86.54
14/06/2021 02:20,1938,1826,7.5,7.5,8.5,8.5,8.5,8.5,30.3,2217.5,68.95,86.54
14/06/2021 02:21,1885.5,1804,6.5,6.5,8.5,8.5,8.5,8.5,30.3,2221.5,68.95,86.54
14/06/2021 02:22,1916.5,1817.5,7.5,7.5,9,9,9,9,30.3,2225.5,68.95,86.54
14/06/2021 02:23,1912,1796.5,7.5,7.5,9,9,9,9,30.3,2230,68.95,86.54
14/06/2021 02:24,1928,1815,7,7,8,8,8,8,30.3,2236.5,68.95,86.54
14/06/2021 02:25,1922,1795.5,8,8,9,9,9,9,30.3,2244,68.95,86.54
14/06/2021 02:26,1962.5,1812.5,5.5,5.5,8,8,8,8,30.3,2246.5,68.95,86.54
14/06/2021 02:27,1937.5,1810,6,6,9,9,9,9,30.3,2251.5,69,86.54
14/06/2021 02:28,1952.5,1795.5,6,6,7.5,7.5,7.5,7.5,30.3,2256,68.95,86.54
14/06/2021 02:29,1940.5,1814.5,7.5,7.5,9,9,9,9,30.3,2260,68.9,86.54
14/06/2021 02:30,1946.5,1813,6,6,8,8,8.5,8.5,30.3,2264.5,68.9,86.54
14/06/2021 02:31,1937,1813,7,7,8.5,8.5,8.5,8.5,30.3,2274.5,68.9,86.54
14/06/2021 02:32,1938.5,1828,7,7,9,9,9,9,30.3,2281,68.95,86.54
14/06/2021 02:33,1947.5,1839,6,6,8,8,8,8,30.3,2287.5,68.9,86.54
14/06/2021 02:34,1941.5,1834.5,6,6,8,8,8.5,8.5,30.3,2296,68.9,86.54
14/06/2021 02:35,1952,1836.5,6,6,7,7,8,8,30.3,2305,68.95,86.54
14/06/2021 02:36,1941,1847.5,6,6,8,8,8,8,30.3,2313,68.95,86.54
14/06/2021 02:37,1938.5,1833,7,7,8.5,8.5,8.5,8.5,30.3,2320,69,86.54
14/06/2021 02:38,1918,1820,6.5,6.5,8,8,9,9,30.3,2329,69,86.54
14/06/2021 02:39,1915.5,1820.5,7.5,7.5,10,10,10,10,30.2,2329,69,86.36
14/06/2021 02:40,1935,1838.5,7,7,9.5,9.5,9.5,9.5,30.25,2327.5,69.05,86.45
14/06/2021 02:41,1942,1838.5,6,6,7,7,7,7,30.2,2329,69.1,86.36
14/06/2021 02:42,1944,1854,5,5,7,7,7,7,30.25,2330,69.15,86.45
14/06/2021 02:43,1962.5,1844.5,6.5,6.5,8.5,8.5,8.5,8.5,30.2,2331,69.1,86.36
14/06/2021 02:44,1952.5,1833.5,6.5,6.5,8,8,8,8,30.25,2337,69.15,86.45
14/06/2021 02:45,2026,1840,6.5,6.5,10,10,10.5,10.5,30.2,2344.5,69.15,86.36
14/06/2021 02:46,1990.5,1841.5,8,8,9,9,9,9,30.2,2350.5,69.2,86.36
14/06/2021 02:47,1981.5,1845.5,5.5,5.5,7.5,7.5,7.5,7.5,30.2,2353.5,69.2,86.36
14/06/2021 02:48,1983.5,1835.5,7.5,7.5,9,9,9,9,30.2,2356.5,69.2,86.36
14/06/2021 02:49,2030.5,1849,7,7,8,8,8,8,30.2,2361,69.3,86.36
14/06/2021 02:50,2005.5,1847.5,7,7,8,8,8,8,30.2,2365,69.3,86.36
14/06/2021 02:51,2026,1867.5,6,6,8,8,8,8,30.2,2372,69.3,86.36
14/06/2021 02:52,2027.5,1867.5,6.5,6.5,8,8,8,8,30.2,2375.5,69.35,86.36
14/06/2021 02:53,2020,1882.5,7,7,8,8,8.5,8.5,30.2,2381,69.4,86.36
14/06/2021 02:54,2055,1872.5,6.5,6.5,8,8,8,8,30.2,2385.5,69.4,86.36
14/06/2021 02:55,2033,1871,7,7,8.5,8.5,8.5,8.5,30.2,2390.5,69.5,86.36
14/06/2021 02:56,2081.5,1899,4.5,4.5,7,7,7.5,7.5,30.2,2393.5,69.55,86.36
14/06/2021 02:57,2343,1933.5,7,7,9.5,9.5,9.5,9.5,30.25,2400,69.65,86.45
14/06/2021 02:58,2185,1906.5,5,5,6.5,6.5,6.5,6.5,30.2,2402.5,69.65,86.36
14/06/2021 02:59,2165,1910.5,6.5,6.5,8,8,8,8,30.25,2406.5,69.7,86.45
14/06/2021 03:00,2142.5,1882,7,7,8.5,8.5,8.5,8.5,30.2,2408.5,69.7,86.36
14/06/2021 03:01,2167,1909.5,6,6,8.5,8.5,10,10,30.2,2412,69.75,86.36
14/06/2021 03:02,2138.5,1906,6,6,8,8,8.5,8.5,30.25,2417,69.8,86.45
14/06/2021 03:03,2164,1908,6,6,9,9,9,9,30.2,2421,69.75,86.36
14/06/2021 03:04,2132,1905.5,6.5,6.5,7.5,7.5,7.5,7.5,30.2,2423,69.8,86.36
14/06/2021 03:05,2152.5,1905,6,6,8,8,8,8,30.2,2424.5,69.8,86.36
14/06/2021 03:06,2165,1914.5,6.5,6.5,7.5,7.5,7.5,7.5,30.2,2421.5,69.8,86.36
14/06/2021 03:07,2135.5,1908.5,6,6,7,7,7,7,30.2,2420.5,69.8,86.36
14/06/2021 03:08,2167.5,1905.5,6,6,7.5,7.5,7.5,7.5,30.25,2422.5,69.85,86.45
14/06/2021 03:09,2190.5,1903,8,8,9.5,9.5,9.5,9.5,30.2,2423.5,69.8,86.36
14/06/2021 03:10,2147,1931,6.5,6.5,8,8,8,8,30.2,2424.5,69.8,86.36
14/06/2021 03:11,2166.5,1911.5,7,7,8.5,8.5,8.5,8.5,30.25,2429.5,69.85,86.45
14/06/2021 03:12,2175,1930.5,7,7,8.5,8.5,8.5,8.5,30.2,2434,69.8,86.36
14/06/2021 03:13,2143.5,1935,6,6,8,8,8,8,30.2,2437.5,69.85,86.36
14/06/2021 03:14,2164.5,1931.5,6.5,6.5,9,9,9,9,30.2,2438.5,69.9,86.36
14/06/2021 03:15,2199,1919,6,6,7.5,7.5,7.5,7.5,30.2,2441.5,69.9,86.36
14/06/2021 03:16,2155,1927.5,5.5,5.5,8.5,8.5,8.5,8.5,30.2,2439.5,69.9,86.36
14/06/2021 03:17,2163,1939,7,7,9,9,9.5,9.5,30.2,2442,69.9,86.36
14/06/2021 03:18,2163,1933,5.5,5.5,7.5,7.5,7.5,7.5,30.2,2446,69.9,86.36
14/06/2021 03:19,2147,1931.5,6.5,6.5,8,8,8,8,30.2,2444.5,69.9,86.36
14/06/2021 03:20,2178,1929.5,6,6,7.5,7.5,7.5,7.5,30.2,2444.5,69.9,86.36
14/06/2021 03:21,2186.5,1921,5,5,7,7,7,7,30.2,2445.5,69.95,86.36
14/06/2021 03:22,2175.5,1926.5,6,6,8,8,8,8,30.2,2447,70,86.36
14/06/2021 03:23,2197.5,1948,6,6,7.5,7.5,7.5,7.5,30.2,2448,70,86.36
14/06/2021 03:24,2181.5,1919.5,6.5,6.5,8.5,8.5,8.5,8.5,30.2,2450.5,70,86.36
14/06/2021 03:25,2164,1939,6.5,6.5,8,8,8,8,30.2,2451.5,70,86.36
14/06/2021 03:26,2190.5,1926.5,6,6,7.5,7.5,7.5,7.5,30.2,2453,70.05,86.36
14/06/2021 03:27,2163,1930.5,7.5,7.5,8.5,8.5,8.5,8.5,30.2,2453,70.1,86.36
14/06/2021 03:28,2175.5,1922,6,6,8.5,8.5,8.5,8.5,30.2,2455,70.1,86.36
14/06/2021 03:29,2174.5,1926,6,6,8,8,8,8,30.2,2457,70.1,86.36
14/06/2021 03:30,2208,1936.5,6.5,6.5,8,8,8,8,30.2,2456,70.1,86.36
14/06/2021 03:31,2158.5,1922.5,5,5,6.5,6.5,6.5,6.5,30.2,2456.5,70.15,86.36
14/06/2021 03:32,2154,1941,6.5,6.5,8.5,8.5,9.5,9.5,30.2,2455,70.2,86.36
14/06/2021 03:33,2163,1941,5.5,5.5,8,8,8,8,30.2,2457,70.2,86.36
14/06/2021 03:34,2184,1942,5.5,5.5,8,8,8,8,30.2,2456.5,70.15,86.36
14/06/2021 03:35,2167.5,1940,5.5,5.5,6.5,6.5,6.5,6.5,30.2,2461,70.2,86.36
14/06/2021 03:36,2181.5,1950.5,4.5,4.5,6,6,6,6,30.2,2464.5,70.2,86.36
14/06/2021 03:37,2197.5,1945,6,6,7.5,7.5,7.5,7.5,30.2,2468,70.2,86.36
14/06/2021 03:38,2187.5,1924,6,6,7.5,7.5,7.5,7.5,30.2,2469.5,70.2,86.36
14/06/2021 03:39,2207,1954.5,6.5,6.5,8.5,8.5,8.5,8.5,30.2,2463.5,70.25,86.36
14/06/2021 03:40,2158.5,1964,5.5,5.5,8,8,9,9,30.2,2462,70.25,86.36
14/06/2021 03:41,2164.5,1953.5,6,6,8,8,8,8,30.2,2463,70.2,86.36
14/06/2021 03:42,2159.5,1930.5,6,6,7,7,7,7,30.2,2459,70.2,86.36
14/06/2021 03:43,2158.5,1933.5,5.5,5.5,7.5,7.5,7.5,7.5,30.2,2455,70.25,86.36
14/06/2021 03:44,2166.5,1931,7.5,7.5,9,9,9,9,30.2,2460,70.3,86.36
14/06/2021 03:45,2188.5,1929.5,6.5,6.5,8.5,8.5,8.5,8.5,30.2,2461.5,70.3,86.36
14/06/2021 03:46,2186,1932.5,7,7,8,8,8,8,30.2,2460,70.3,86.36
14/06/2021 03:47,2206,1920,5.5,5.5,6.5,6.5,6.5,6.5,30.2,2461.5,70.3,86.36
14/06/2021 03:48,2193,1947,5.5,5.5,7.5,7.5,8,8,30.15,2460.5,70.25,86.27
14/06/2021 03:49,2196.5,1931.5,7,7,8.5,8.5,8.5,8.5,30.1,2463,70.2,86.18
14/06/2021 03:50,2194,1925,5.5,5.5,7.5,7.5,8,8,30.15,2465,70.2,86.27
14/06/2021 03:51,2182.5,1930.5,6.5,6.5,8,8,8,8,30.2,2465,70.2,86.36
14/06/2021 03:52,2194.5,1954.5,6,6,7.5,7.5,7.5,7.5,30.1,2470.5,70.15,86.18
14/06/2021 03:53,2179,1959,7,7,9,9,10,10,30.1,2476,70.2,86.18
14/06/2021 03:54,2186.5,1966,6,6,7.5,7.5,7.5,7.5,30.1,2476,70.1,86.18
14/06/2021 03:55,2204.5,1946,6,6,8,8,8,8,30.15,2481,70.15,86.27
14/06/2021 03:56,2167.5,1952,6.5,6.5,8,8,8,8,30.15,2479,70.15,86.27
14/06/2021 03:57,2191,1932.5,5.5,5.5,7,7,7,7,30.15,2481,70.15,86.27
14/06/2021 03:58,2224,1951.5,6,6,8,8,8,8,30.2,2485,70.15,86.36
14/06/2021 03:59,2202,1946.5,6.5,6.5,8,8,8,8,30.15,2489,70.1,86.27
14/06/2021 04:00,2194,1943,6.5,6.5,8,8,8,8,30.15,2492,70.1,86.27
14/06/2021 04:01,2187,1944,6.5,6.5,8.5,8.5,8.5,8.5,30.1,2492,70,86.18
14/06/2021 04:02,2175,1954.5,6,6,7.5,7.5,7.5,7.5,30.1,2493,70,86.18
14/06/2021 04:03,2203,1949,7,7,8.5,8.5,8.5,8.5,30.1,2493.5,70,86.18
14/06/2021 04:04,2182.5,1941.5,6,6,6.5,6.5,6.5,6.5,30.1,2493.5,70,86.18
14/06/2021 04:05,2182.5,1925,6,6,6.5,6.5,6.5,6.5,30.1,2496,70,86.18
14/06/2021 04:06,2205.5,1954.5,7,7,8.5,8.5,8.5,8.5,30.1,2499,70,86.18
14/06/2021 04:07,2198.5,1954.5,5.5,5.5,7.5,7.5,7.5,7.5,30.1,2503.5,70,86.18
14/06/2021 04:08,2173,1945,7,7,9.5,9.5,9.5,9.5,30.1,2501.5,70,86.18
14/06/2021 04:09,2191,1938,6.5,6.5,8.5,8.5,9,9,30.1,2503,69.9,86.18
14/06/2021 04:10,2181.5,1931.5,6,6,7.5,7.5,7.5,7.5,30.1,2509,69.9,86.18
14/06/2021 04:11,2207,1951.5,4.5,4.5,6,6,6,6,30.1,2509,69.9,86.18
14/06/2021 04:12,2172.5,1945,5.5,5.5,6.5,6.5,6.5,6.5,30.1,2506,69.85,86.18
14/06/2021 04:13,2186,1959.5,5.5,5.5,7,7,7,7,30.1,2504.5,69.8,86.18
14/06/2021 04:14,2221,1972,6,6,7.5,7.5,7.5,7.5,30.1,2506,69.8,86.18
14/06/2021 04:15,2182.5,1957.5,6.5,6.5,7.5,7.5,7.5,7.5,30.1,2503.5,69.8,86.18
14/06/2021 04:16,2219.5,1938,6.5,6.5,8,8,8,8,30.1,2502,69.8,86.18
14/06/2021 04:17,2196.5,1946,5.5,5.5,6.5,6.5,6.5,6.5,30.1,2502,69.75,86.18
14/06/2021 04:18,2197.5,1938,6,6,8,8,8,8,30.1,2503,69.8,86.18
14/06/2021 04:19,2217,1970.5,6.5,6.5,8,8,8,8,30.1,2508.5,69.8,86.18
14/06/2021 04:20,2233,1933.5,7,7,7,7,7,7,30.1,2511.5,69.75,86.18
14/06/2021 04:21,2227.5,1936.5,7,7,8,8,8,8,30.1,2508.5,69.75,86.18
14/06/2021 04:22,2238,1939.5,5.5,5.5,7,7,7,7,30.1,2508.5,69.75,86.18
14/06/2021 04:23,2255,1970,6,6,7,7,7,7,30.1,2509,69.75,86.18
14/06/2021 04:24,2231,1927.5,5.5,5.5,7.5,7.5,7.5,7.5,30.1,2510.5,69.8,86.18
14/06/2021 04:25,2190.5,1944,5.5,5.5,8,8,8,8,30.1,2513,69.7,86.18
14/06/2021 04:26,2219.5,1937,5,5,7,7,7,7,30.1,2513.5,69.75,86.18
14/06/2021 04:27,2239.5,1958,6.5,6.5,7.5,7.5,7.5,7.5,30.1,2510.5,69.7,86.18
14/06/2021 04:28,2214,1962,6,6,8,8,8,8,30.1,2509,69.8,86.18
14/06/2021 04:29,2215,1942,6.5,6.5,8,8,8,8,30.1,2510.5,69.8,86.18
14/06/2021 04:30,2249.5,1952,5,5,6.5,6.5,6.5,6.5,30.1,2514.5,69.85,86.18
14/06/2021 04:31,2250.5,1953,5,5,5.5,5.5,5.5,5.5,30.1,2517.5,69.8,86.18
14/06/2021 04:32,2248.5,1955,5.5,5.5,7.5,7.5,7.5,7.5,30.1,2520,69.9,86.18
14/06/2021 04:33,2245,1969,6.5,6.5,8,8,8,8,30.1,2520,69.85,86.18
14/06/2021 04:34,2254.5,1946.5,6.5,6.5,8.5,8.5,8.5,8.5,30.1,2518.5,69.85,86.18
14/06/2021 04:35,2213,1945,6,6,8.5,8.5,8.5,8.5,30.1,2519.5,69.9,86.18
14/06/2021 04:36,2243.5,1983.5,6,6,6.5,6.5,6.5,6.5,30.1,2518,69.9,86.18
14/06/2021 04:37,2236.5,1966,6,6,7.5,7.5,8.5,8.5,30.1,2519,70,86.18
14/06/2021 04:38,2245,1967,6,6,7.5,7.5,7.5,7.5,30.1,2521,70,86.18
14/06/2021 04:39,2254.5,1995,7,7,8.5,8.5,8.5,8.5,30.1,2523.5,70,86.18
14/06/2021 04:40,2235.5,1974.5,5,5,6.5,6.5,6.5,6.5,30.1,2521.5,70,86.18
14/06/2021 04:41,2258.5,1977.5,5.5,5.5,7.5,7.5,7.5,7.5,30.1,2521.5,70.05,86.18
14/06/2021 04:42,2274.5,1976,6.5,6.5,8,8,8,8,30.1,2525.5,70.1,86.18
14/06/2021 04:43,2278.5,1970.5,7,7,8.5,8.5,8.5,8.5,30.1,2528.5,70.1,86.18
14/06/2021 04:44,2291,1979.5,6,6,7,7,7,7,30.1,2534,70.1,86.18
14/06/2021 04:45,2301,1978.5,5,5,6.5,6.5,6.5,6.5,30.1,2532.5,70.1,86.18
14/06/2021 04:46,2308,1995.5,5,5,7.5,7.5,7.5,7.5,30.1,2535,70.1,86.18
14/06/2021 04:47,2301.5,1976.5,5.5,5.5,7,7,7,7,30.1,2539.5,70.15,86.18
14/06/2021 04:48,2302.5,1976,6,6,7.5,7.5,7.5,7.5,30.1,2540,70.1,86.18
14/06/2021 04:49,2296.5,2002.5,6,6,7.5,7.5,7.5,7.5,30.1,2541.5,70.2,86.18
14/06/2021 04:50,2272.5,1968,5.5,5.5,7,7,7,7,30.05,2541,70.15,86.09
14/06/2021 04:51,2269,1978.5,6,6,8,8,8,8,30.1,2537.5,70.2,86.18
14/06/2021 04:52,2274,1976.5,6.5,6.5,7.5,7.5,7.5,7.5,30.1,2532,70.2,86.18
14/06/2021 04:53,2310.5,1985.5,6.5,6.5,8,8,8,8,30.1,2531,70.2,86.18
14/06/2021 04:54,2338.5,1976.5,6,6,7.5,7.5,7.5,7.5,30.05,2529.5,70.2,86.09
14/06/2021 04:55,2293,1965,5.5,5.5,7,7,7,7,30.1,2530.5,70.2,86.18
14/06/2021 04:56,2288.5,1972,4,4,6,6,6,6,30.1,2528,70.2,86.18
14/06/2021 04:57,2320,1964,6.5,6.5,8,8,8,8,30.1,2528,70.2,86.18
14/06/2021 04:58,2284,1967,6.5,6.5,8,8,8,8,30.1,2531.5,70.2,86.18
14/06/2021 04:59,2274.5,1975.5,7,7,8.5,8.5,8.5,8.5,30.05,2536.5,70.15,86.09
14/06/2021 05:00,2291,1979.5,6,6,7,7,7,7,30.05,2538,70.15,86.09
14/06/2021 05:01,2291,1969,5.5,5.5,7,7,7,7,30.05,2537.5,70.2,86.09
14/06/2021 05:02,2308.5,1973.5,5,5,6,6,6,6,30.1,2535,70.2,86.18
14/06/2021 05:03,2250.5,1971,5.5,5.5,7.5,7.5,7.5,7.5,30,2535.5,70.1,86
14/06/2021 05:04,2294.5,1997.5,5.5,5.5,7.5,7.5,7.5,7.5,30,2536,70.1,86
14/06/2021 05:05,2295.5,1961,6,6,7.5,7.5,7.5,7.5,30.05,2535,70.1,86.09
14/06/2021 05:06,2291,1991.5,5.5,5.5,7.5,7.5,7.5,7.5,30.05,2531,70.1,86.09
14/06/2021 05:07,2313,1993,5.5,5.5,7,7,8,8,30.1,2528,70.1,86.18
14/06/2021 05:08,2263.5,1966,6.5,6.5,7.5,7.5,7.5,7.5,30.05,2529,70.1,86.09
14/06/2021 05:09,2302.5,1976.5,7,7,8,8,8,8,30.05,2530.5,70.05,86.09
14/06/2021 05:10,2276,1972.5,6,6,7.5,7.5,7.5,7.5,30.05,2530,70.05,86.09
14/06/2021 05:11,2277,1970,6,6,8,8,8,8,30.05,2525.5,70.05,86.09
14/06/2021 05:12,2258.5,1952,6.5,6.5,9,9,9,9,30.1,2522.5,70.05,86.18
14/06/2021 05:13,2267,1958.5,5,5,7,7,7.5,7.5,30,2521.5,70,86
14/06/2021 05:14,2299,1952.5,6,6,6.5,6.5,6.5,6.5,30.05,2522,70,86.09
14/06/2021 05:15,2276,1964,7,7,8.5,8.5,8.5,8.5,30,2519,70,86
14/06/2021 05:16,2284,1951.5,5.5,5.5,6.5,6.5,6.5,6.5,30,2515.5,69.95,86
14/06/2021 05:17,2274,1958,6,6,8,8,8,8,30,2515,69.9,86
14/06/2021 05:18,2268,1959.5,6,6,7.5,7.5,8,8,30.05,2512.5,69.95,86.09
14/06/2021 05:19,2280.5,1933,5.5,5.5,7,7,7,7,30,2510.5,69.9,86
14/06/2021 05:20,2244,1962,5.5,5.5,6.5,6.5,6.5,6.5,30,2508.5,69.9,86
14/06/2021 05:21,2252,1967,6,6,8,8,8,8,30,2511.5,69.85,86
14/06/2021 05:22,2264.5,1964,4.5,4.5,6.5,6.5,6.5,6.5,30,2513,69.8,86
14/06/2021 05:23,2275,1972.5,6,6,7.5,7.5,7.5,7.5,30,2511.5,69.8,86
14/06/2021 05:24,2264.5,1975.5,6,6,7,7,7,7,30,2512.5,69.8,86
14/06/2021 05:25,2273.5,1942,4,4,6,6,6,6,30,2512.5,69.8,86
14/06/2021 05:26,2253,1966,6,6,7,7,7,7,30,2516,69.75,86
14/06/2021 05:27,2271.5,1946.5,5.5,5.5,7.5,7.5,7.5,7.5,30,2517,69.7,86
14/06/2021 05:28,2265.5,1948.5,6,6,8.5,8.5,8.5,8.5,30,2512.5,69.7,86
14/06/2021 05:29,2252,1948.5,6.5,6.5,8.5,8.5,8.5,8.5,30,2516.5,69.7,86
14/06/2021 05:30,2233.5,1940,7,7,9,9,9,9,30,2520.5,69.7,86
14/06/2021 05:31,2260,1974,8,8,10.5,10.5,10.5,10.5,30,2524,69.65,86
14/06/2021 05:32,2271.5,1954.5,5,5,7,7,7,7,30,2525.5,69.6,86
14/06/2021 05:33,2264.5,1942.5,5.5,5.5,6.5,6.5,6.5,6.5,30,2525.5,69.6,86
14/06/2021 05:34,2270,1932.5,5.5,5.5,7.5,7.5,7.5,7.5,30,2524.5,69.5,86
14/06/2021 05:35,2231,1933.5,5,5,6,6,6,6,30,2520,69.5,86
14/06/2021 05:36,2236,1927.5,6,6,7.5,7.5,7.5,7.5,30,2516,69.5,86
14/06/2021 05:37,2206,1943,6.5,6.5,8,8,8,8,30,2514.5,69.4,86
14/06/2021 05:38,2214,1952.5,6,6,7,7,7,7,30,2513.5,69.4,86
14/06/2021 05:39,2279.5,1950.5,5.5,5.5,6,6,6,6,30,2511.5,69.4,86
14/06/2021 05:40,2262,1935.5,5.5,5.5,7,7,7,7,30,2514.5,69.3,86
14/06/2021 05:41,2286,1955.5,4.5,4.5,6,6,6,6,30,2511.5,69.3,86
14/06/2021 05:42,2292.5,1933.5,6.5,6.5,7.5,7.5,7.5,7.5,30,2505,69.3,86
14/06/2021 05:43,2316.5,1956,6,6,7.5,7.5,8,8,30,2502.5,69.3,86
14/06/2021 05:44,2292.5,1951.5,6,6,8,8,8,8,30,2498,69.25,86
14/06/2021 05:45,2332.5,1958.5,6,6,8.5,8.5,8.5,8.5,30,2495,69.25,86
14/06/2021 05:46,2329,1938.5,5.5,5.5,7,7,7,7,30,2495,69.2,86
14/06/2021 05:47,2309.5,1939.5,5.5,5.5,6.5,6.5,6.5,6.5,30,2498,69.2,86
14/06/2021 05:48,2333.5,1966,6,6,7,7,7,7,30,2501.5,69.2,86
14/06/2021 05:49,2347.5,1951,5.5,5.5,6.5,6.5,6.5,6.5,30,2505,69.2,86
14/06/2021 05:50,2341.5,1937.5,6,6,7,7,7.5,7.5,30,2509,69.15,86
14/06/2021 05:51,2357.5,1954.5,4.5,4.5,6.5,6.5,6.5,6.5,30,2513,69.2,86
14/06/2021 05:52,2325.5,1958.5,5.5,5.5,7.5,7.5,7.5,7.5,30,2511,69.2,86
14/06/2021 05:53,2322,1927,6.5,6.5,8,8,8,8,29.95,2509.5,69.1,85.91
14/06/2021 05:54,2307,1961,6,6,7.5,7.5,7.5,7.5,30,2509.5,69.05,86
14/06/2021 05:55,2335,1943,6,6,7.5,7.5,7.5,7.5,30,2511,69.05,86
14/06/2021 05:56,2314,1950,5,5,6,6,6,6,30,2513,69.05,86
14/06/2021 05:57,2333.5,1946.5,5,5,6,6,6,6,30,2509.5,69.05,86
14/06/2021 05:58,2310.5,1947.5,5.5,5.5,7.5,7.5,7.5,7.5,30,2508.5,69,86
14/06/2021 05:59,2287.5,1918.5,5.5,5.5,7,7,7,7,30,2511,69,86
14/06/2021 06:00,2357.5,1945.5,5,5,6.5,6.5,6.5,6.5,30,2508,69,86
14/06/2021 06:01,2343,1943,5,5,6,6,6,6,30,2506.5,69,86
14/06/2021 06:02,2312,1932.5,5,5,7.5,7.5,7.5,7.5,30,2506.5,69,86
14/06/2021 06:03,2333.5,1934,6,6,7,7,7,7,30,2507.5,68.9,86
14/06/2021 06:04,2318.5,1916,7,7,7.5,7.5,7.5,7.5,30,2509.5,68.9,86
14/06/2021 06:05,2321,1936.5,6,6,6.5,6.5,7,7,30,2508.5,68.9,86
14/06/2021 06:06,2326.5,1942,5.5,5.5,7,7,7,7,30,2509,68.9,86
14/06/2021 06:07,2332.5,1954.5,6.5,6.5,7.5,7.5,7.5,7.5,30,2511,68.9,86
14/06/2021 06:08,2315,1911.5,5.5,5.5,7.5,7.5,7.5,7.5,29.9,2508.5,68.8,85.82
14/06/2021 06:09,2337,1944,5,5,6.5,6.5,6.5,6.5,29.9,2505.5,68.8,85.82
14/06/2021 06:10,2322,1943,5.5,5.5,6.5,6.5,6.5,6.5,30,2503.5,68.9,86
14/06/2021 06:11,2313,1950.5,6,6,7,7,7,7,30,2502,68.85,86
14/06/2021 06:12,2346.5,1964,5.5,5.5,8,8,8,8,30,2504,68.9,86
14/06/2021 06:13,2331.5,1960.5,5,5,6,6,6,6,30,2501.5,68.85,86
14/06/2021 06:14,2286,1953.5,5.5,5.5,7.5,7.5,7.5,7.5,30,2499,68.8,86
14/06/2021 06:15,2308,1933.5,5.5,5.5,6.5,6.5,6.5,6.5,30,2497,68.9,86
14/06/2021 06:16,2296.5,1937.5,5.5,5.5,7,7,7,7,29.95,2499,68.85,85.91
14/06/2021 06:17,2334.5,1959,5.5,5.5,8,8,8,8,30,2503.5,68.9,86
14/06/2021 06:18,2314,1949,6,6,7.5,7.5,7.5,7.5,30,2502.5,68.9,86
14/06/2021 06:19,2342.5,1943.5,6,6,7.5,7.5,7.5,7.5,30,2505,68.95,86
14/06/2021 06:20,2348.5,1945,7.5,7.5,8.5,8.5,8.5,8.5,30,2506,69,86
14/06/2021 06:21,2313,1939,6.5,6.5,8.5,8.5,8.5,8.5,30,2504,69,86
14/06/2021 06:22,2348.5,1961.5,6,6,7.5,7.5,7.5,7.5,29.95,2505.5,69.05,85.91
14/06/2021 06:23,2386.5,1957,5.5,5.5,6.5,6.5,6.5,6.5,29.95,2503,69.05,85.91
14/06/2021 06:24,2390,1951.5,6,6,7.5,7.5,7.5,7.5,30,2506,69.1,86
14/06/2021 06:25,2366,1939.5,6,6,8.5,8.5,8.5,8.5,30,2505.5,69.1,86
14/06/2021 06:26,2334,1936.5,6,6,7,7,7,7,29.95,2506.5,69.05,85.91
14/06/2021 06:27,2307,1946.5,5,5,6,6,6,6,29.9,2506.5,69,85.82
14/06/2021 06:28,2343,1967,5.5,5.5,7,7,7.5,7.5,30,2505.5,69.1,86
14/06/2021 06:29,2327,1969,5,5,6.5,6.5,6.5,6.5,30,2501,69.1,86
14/06/2021 06:30,2321,1946.5,5.5,5.5,7,7,7,7,30,2500.5,69.1,86
14/06/2021 06:31,2339.5,1947,4.5,4.5,6.5,6.5,6.5,6.5,30,2505,69.15,86
14/06/2021 06:32,2345,1960,5.5,5.5,7,7,7,7,30,2505,69.1,86
14/06/2021 06:33,2323,1986,6,6,7.5,7.5,7.5,7.5,29.95,2506.5,69.15,85.91
14/06/2021 06:34,2331.5,1979.5,5.5,5.5,7.5,7.5,7.5,7.5,30,2511.5,69.2,86
14/06/2021 06:35,2331,1965,5.5,5.5,6.5,6.5,6.5,6.5,29.95,2511.5,69.15,85.91
14/06/2021 06:36,2350.5,1977.5,5,5,6,6,6,6,29.9,2509.5,69.1,85.82
14/06/2021 06:37,2353,1968,6,6,7,7,7,7,29.9,2509,69.2,85.82
14/06/2021 06:38,2361,1975,5.5,5.5,7,7,7,7,29.9,2507,69.2,85.82
14/06/2021 06:39,2333.5,1963,6,6,7,7,7,7,29.95,2505.5,69.25,85.91
14/06/2021 06:40,2349.5,1962,6,6,7,7,7.5,7.5,29.95,2506,69.25,85.91
14/06/2021 06:41,2336,1941.5,5.5,5.5,7,7,7.5,7.5,29.95,2504.5,69.25,85.91
14/06/2021 06:42,2323,1932.5,5.5,5.5,7.5,7.5,7.5,7.5,29.95,2505,69.3,85.91
14/06/2021 06:43,2360,1965,6.5,6.5,8,8,8,8,29.95,2506.5,69.3,85.91
14/06/2021 06:44,2322,1973,5.5,5.5,8,8,8,8,29.9,2507.5,69.25,85.82
14/06/2021 06:45,2307.5,1956,5.5,5.5,7,7,7,7,29.9,2507.5,69.3,85.82
14/06/2021 06:46,2346.5,1933,5.5,5.5,7,7,7,7,29.9,2510.5,69.3,85.82
14/06/2021 06:47,2332.5,1955.5,5.5,5.5,6.5,6.5,6.5,6.5,30,2512,69.4,86
14/06/2021 06:48,2345,1946,6.5,6.5,8,8,8,8,29.9,2510,69.4,85.82
14/06/2021 06:49,2322,1951,4,4,5,5,5,5,29.9,2512,69.45,85.82
14/06/2021 06:50,2505,2004.5,5.5,5.5,7.5,7.5,7.5,7.5,29.9,2513,69.5,85.82
14/06/2021 06:51,2443,1992,6,6,7,7,7,7,29.9,2514.5,69.5,85.82
14/06/2021 06:52,2468.5,1985.5,6,6,7,7,7,7,29.9,2512.5,69.5,85.82
14/06/2021 06:53,2413,1971,6,6,7.5,7.5,7.5,7.5,29.95,2513.5,69.6,85.91
14/06/2021 06:54,2421,1977.5,6,6,7,7,7,7,29.9,2512.5,69.5,85.82
14/06/2021 06:55,2408.5,1977.5,5,5,7,7,7,7,29.9,2518.5,69.55,85.82
14/06/2021 06:56,2441,1964,5.5,5.5,6.5,6.5,6.5,6.5,29.9,2522.5,69.6,85.82
14/06/2021 06:57,2437.5,1988,6,6,7,7,7,7,29.95,2525,69.6,85.91
14/06/2021 06:58,2449,1990,6,6,7,7,7,7,29.9,2525.5,69.5,85.82
14/06/2021 06:59,2434.5,1990,5,5,6.5,6.5,6.5,6.5,29.95,2525,69.55,85.91
14/06/2021 07:00,2453,1974.5,6,6,7.5,7.5,7.5,7.5,29.95,2528.5,69.55,85.91
14/06/2021 07:01,2414,2003.5,6.5,6.5,9,9,9,9,29.9,2535,69.5,85.82
14/06/2021 07:02,2418,1980.5,6,6,7.5,7.5,7.5,7.5,29.9,2537,69.5,85.82
14/06/2021 07:03,2465,1965,6.5,6.5,7,7,7,7,29.95,2537,69.5,85.91
14/06/2021 07:04,2430.5,1959,5,5,6.5,6.5,6.5,6.5,29.95,2540.5,69.55,85.91
14/06/2021 07:05,2448.5,1979.5,5.5,5.5,6.5,6.5,6.5,6.5,29.9,2541.5,69.5,85.82
14/06/2021 07:06,2425.5,1997,5.5,5.5,7,7,7,7,29.95,2541,69.6,85.91
14/06/2021 07:07,2432.5,1982,7,7,8.5,8.5,8.5,8.5,29.95,2543,69.6,85.91
14/06/2021 07:08,2469.5,1988.5,5,5,8,8,8,8,29.9,2544,69.5,85.82
14/06/2021 07:09,2431.5,1984.5,4.5,4.5,6,6,6,6,30,2541,69.6,86
14/06/2021 07:10,2455.5,1973,5,5,6,6,6,6,29.95,2541,69.5,85.91
14/06/2021 07:11,2459,1967.5,6,6,7.5,7.5,7.5,7.5,29.95,2543.5,69.5,85.91
14/06/2021 07:12,2479,1987,6.5,6.5,8.5,8.5,8.5,8.5,29.95,2547.5,69.5,85.91
14/06/2021 07:13,2505,1978.5,5.5,5.5,7,7,7,7,30,2546.5,69.5,86
14/06/2021 07:14,2476.5,1979.5,6,6,7.5,7.5,9.5,9.5,29.9,2547.5,69.4,85.82
14/06/2021 07:15,2490,1989.5,5.5,5.5,8,8,8,8,29.95,2549,69.5,85.91
14/06/2021 07:16,2453.5,1957,6,6,8,8,8,8,30,2548,69.5,86
14/06/2021 07:17,2491,1991.5,6.5,6.5,7.5,7.5,7.5,7.5,30,2549,69.5,86
14/06/2021 07:18,2452.5,1989.5,5.5,5.5,7,7,7,7,30,2550,69.5,86
14/06/2021 07:19,2470.5,1979.5,5.5,5.5,7.5,7.5,7.5,7.5,30,2548.5,69.45,86
14/06/2021 07:20,2440.5,1978.5,5.5,5.5,8,8,8,8,29.95,2546.5,69.4,85.91
14/06/2021 07:21,2461.5,1981,5.5,5.5,7,7,7,7,29.95,2550,69.4,85.91
14/06/2021 07:22,2477.5,1956,6,6,7,7,7,7,29.95,2551.5,69.35,85.91
14/06/2021 07:23,2464.5,1973,5.5,5.5,6.5,6.5,6.5,6.5,29.95,2553,69.4,85.91
14/06/2021 07:24,2434,1964,5,5,6,6,6,6,29.95,2551,69.35,85.91
14/06/2021 07:25,2457,1981.5,6,6,7,7,7,7,29.9,2552,69.3,85.82
14/06/2021 07:26,2445,1979.5,6.5,6.5,7.5,7.5,7.5,7.5,30,2559,69.4,86
14/06/2021 07:27,2453.5,1981,5.5,5.5,6.5,6.5,6.5,6.5,29.9,2564.5,69.4,85.82
14/06/2021 07:28,2452,1973.5,6,6,6.5,6.5,6.5,6.5,30,2563,69.5,86
14/06/2021 07:29,2429.5,1946,5.5,5.5,6.5,6.5,6.5,6.5,29.95,2562,69.35,85.91
14/06/2021 07:30,2436,1955.5,6,6,7,7,7,7,29.95,2558,69.35,85.91
14/06/2021 07:31,2458,1982,5.5,5.5,6,6,6,6,29.9,2560,69.3,85.82
14/06/2021 07:32,2469.5,1961,5,5,6.5,6.5,6.5,6.5,29.9,2560,69.3,85.82
14/06/2021 07:33,2422.5,1957.5,5.5,5.5,6.5,6.5,6.5,6.5,29.9,2563.5,69.3,85.82
14/06/2021 07:34,2439.5,1959,6.5,6.5,8.5,8.5,8.5,8.5,29.9,2565.5,69.3,85.82
14/06/2021 07:35,2415.5,1981,5.5,5.5,7.5,7.5,7.5,7.5,29.95,2566,69.35,85.91
14/06/2021 07:36,2439.5,1972.5,5.5,5.5,7.5,7.5,7.5,7.5,29.95,2565,69.35,85.91
14/06/2021 07:37,2451,1981.5,6,6,7.5,7.5,7.5,7.5,29.9,2562.5,69.3,85.82
14/06/2021 07:38,2449,1980.5,5.5,5.5,7,7,7,7,29.9,2558,69.3,85.82
14/06/2021 07:39,2429.5,1958.5,5,5,5.5,5.5,5.5,5.5,29.9,2558.5,69.3,85.82
14/06/2021 07:40,2435,1971,6,6,8.5,8.5,8.5,8.5,29.9,2559.5,69.3,85.82
14/06/2021 07:41,2444,1977.5,5.5,5.5,7.5,7.5,7.5,7.5,29.9,2560.5,69.2,85.82
14/06/2021 07:42,2410.5,1977.5,5.5,5.5,7,7,7,7,29.9,2558,69.2,85.82
14/06/2021 07:43,2448.5,1984,6,6,7.5,7.5,7.5,7.5,29.9,2561.5,69.2,85.82
14/06/2021 07:44,2443,1973,5.5,5.5,6.5,6.5,6.5,6.5,29.9,2564,69.15,85.82
14/06/2021 07:45,2453.5,1983.5,5.5,5.5,7,7,7,7,29.9,2564,69.1,85.82
14/06/2021 07:46,2443,1972,5.5,5.5,6.5,6.5,6.5,6.5,29.9,2563,69.1,85.82
14/06/2021 07:47,2435,1977.5,4,4,5.5,5.5,5.5,5.5,29.9,2564.5,69.1,85.82
14/06/2021 07:48,2499.5,1984.5,5,5,6.5,6.5,6.5,6.5,29.9,2565.5,69.1,85.82
14/06/2021 07:49,2479,1989,5.5,5.5,7,7,7,7,29.9,2568,69.1,85.82
14/06/2021 07:50,2439.5,1965,6,6,7.5,7.5,7.5,7.5,29.9,2571.5,69.1,85.82
14/06/2021 07:51,2432.5,1968,5.5,5.5,7,7,7,7,29.9,2575,69.1,85.82
14/06/2021 07:52,2440.5,1964,5.5,5.5,6.5,6.5,7.5,7.5,29.9,2576,69.1,85.82
14/06/2021 07:53,2453.5,1973,5,5,6.5,6.5,6.5,6.5,29.85,2578.5,69.05,85.73
14/06/2021 07:54,2443,1940,5.5,5.5,7,7,7,7,29.9,2576.5,69,85.82
14/06/2021 07:55,2421,1978.5,5.5,5.5,6.5,6.5,6.5,6.5,29.9,2573,69,85.82
14/06/2021 07:56,2457,1976.5,5,5,6,6,6,6,29.9,2572,69,85.82
14/06/2021 07:57,2416.5,1948,5,5,6,6,6,6,29.9,2572,69,85.82
14/06/2021 07:58,2444,1955.5,6,6,8,8,8.5,8.5,29.9,2571.5,69,85.82
14/06/2021 07:59,2413,1969,4,4,6,6,6,6,29.9,2571,69,85.82
14/06/2021 08:00,2436,1966,6,6,7,7,7,7,29.9,2575,68.95,85.82
14/06/2021 08:01,2421.5,1964,5,5,6.5,6.5,6.5,6.5,29.9,2574.5,68.9,85.82
14/06/2021 08:02,2409.5,1970,5,5,7,7,7,7,29.9,2571.5,68.9,85.82
14/06/2021 08:03,2420,1961.5,5.5,5.5,6.5,6.5,6.5,6.5,29.9,2573.5,68.9,85.82
14/06/2021 08:04,2427,1964,6,6,8,8,8,8,29.9,2575,68.9,85.82
14/06/2021 08:05,2444.5,1968.5,4,4,6,6,6,6,29.85,2575.5,68.85,85.73
14/06/2021 08:06,2416.5,1964,4.5,4.5,5.5,5.5,5.5,5.5,29.9,2576.5,68.85,85.82
14/06/2021 08:07,2420,1950,5.5,5.5,9.5,9.5,9.5,9.5,29.9,2575,68.8,85.82
14/06/2021 08:08,2420,1949.5,5.5,5.5,7,7,7,7,29.85,2574.5,68.75,85.73
14/06/2021 08:09,2401.5,1959,4,4,6,6,6,6,29.9,2572,68.7,85.82
14/06/2021 08:10,2378.5,1960,5.5,5.5,7.5,7.5,7.5,7.5,29.9,2570.5,68.7,85.82
14/06/2021 08:11,2411,1966,6.5,6.5,8.5,8.5,8.5,8.5,29.9,2565.5,68.7,85.82
14/06/2021 08:12,2408.5,1959,5.5,5.5,7.5,7.5,7.5,7.5,29.9,2565,68.7,85.82
14/06/2021 08:13,2384,1965,6,6,8,8,8,8,29.85,2563,68.65,85.73
14/06/2021 08:14,2411,1952.5,5.5,5.5,7.5,7.5,7.5,7.5,29.9,2564,68.7,85.82
14/06/2021 08:15,2405,1954.5,5,5,6,6,6,6,29.9,2565.5,68.7,85.82
14/06/2021 08:16,2425,1961.5,6.5,6.5,8.5,8.5,9,9,29.9,2563.5,68.7,85.82
14/06/2021 08:17,2446.5,1977.5,5,5,6.5,6.5,6.5,6.5,29.9,2565,68.7,85.82
14/06/2021 08:18,2443,1971,5,5,6,6,6,6,29.9,2567,68.7,85.82
14/06/2021 08:19,2422,1962.5,6,6,7.5,7.5,7.5,7.5,29.85,2569,68.65,85.73
14/06/2021 08:20,2418,1962.5,5.5,5.5,7,7,7.5,7.5,29.85,2570.5,68.65,85.73
14/06/2021 08:21,2419.5,1951.5,6,6,8,8,8,8,29.9,2572.5,68.7,85.82
14/06/2021 08:22,2422,1959,6,6,7,7,7,7,29.8,2577,68.6,85.64
14/06/2021 08:23,2441.5,1947.5,6,6,7.5,7.5,7.5,7.5,29.85,2579,68.65,85.73
14/06/2021 08:24,2454.5,1963,6.5,6.5,8,8,8,8,29.85,2579,68.65,85.73
14/06/2021 08:25,2367,1938,5.5,5.5,7,7,7,7,29.9,2578.5,68.7,85.82
14/06/2021 08:26,2365.5,1921,5.5,5.5,7,7,7,7,29.8,2574,68.6,85.64
14/06/2021 08:27,2320,1926.5,5.5,5.5,7,7,7,7,29.8,2574,68.55,85.64
14/06/2021 08:28,2315.5,1917,5,5,6.5,6.5,6.5,6.5,29.8,2567.5,68.5,85.64
14/06/2021 08:29,2344,1896,6,6,8,8,8,8,29.8,2561,68.45,85.64
14/06/2021 08:30,2369.5,1949,4,4,5.5,5.5,5.5,5.5,29.8,2557,68.4,85.64
14/06/2021 08:31,2347.5,1915,5.5,5.5,6,6,6,6,29.8,2556.5,68.4,85.64
14/06/2021 08:32,2355.5,1943,5,5,6.5,6.5,6.5,6.5,29.8,2558.5,68.4,85.64
14/06/2021 08:33,2347.5,1929.5,5.5,5.5,7,7,7,7,29.8,2560,68.4,85.64
14/06/2021 08:34,2372.5,1919,6,6,6.5,6.5,6.5,6.5,29.8,2565.5,68.4,85.64
14/06/2021 08:35,2373,1931.5,6,6,7,7,7,7,29.8,2567,68.5,85.64
14/06/2021 08:36,2338,1912.5,6,6,7,7,7.5,7.5,29.8,2569,68.5,85.64
14/06/2021 08:37,2346,1920,6,6,7.5,7.5,7.5,7.5,29.8,2571.5,68.4,85.64
14/06/2021 08:38,2329,1916,5.5,5.5,6.5,6.5,6.5,6.5,29.8,2572,68.4,85.64
14/06/2021 08:39,2367,1928.5,5.5,5.5,7.5,7.5,8,8,29.8,2573,68.4,85.64
14/06/2021 08:40,2365,1915,5.5,5.5,6.5,6.5,6.5,6.5,29.8,2575.5,68.4,85.64
14/06/2021 08:41,2344,1936.5,4.5,4.5,6.5,6.5,6.5,6.5,29.8,2572.5,68.35,85.64
14/06/2021 08:42,2331,1927.5,4.5,4.5,6,6,6,6,29.8,2568.5,68.3,85.64
14/06/2021 08:43,2337,1944,6.5,6.5,8,8,8,8,29.8,2567.5,68.3,85.64
14/06/2021 08:44,2336,1936.5,4,4,6.5,6.5,6.5,6.5,29.8,2570.5,68.3,85.64
14/06/2021 08:45,2315.5,1937.5,5.5,5.5,6.5,6.5,6.5,6.5,29.8,2572,68.3,85.64
14/06/2021 08:46,2331.5,1941,5,5,6.5,6.5,6.5,6.5,29.8,2570.5,68.25,85.64
14/06/2021 08:47,2356.5,1906.5,5.5,5.5,7.5,7.5,7.5,7.5,29.8,2568.5,68.3,85.64
14/06/2021 08:48,2344,1934.5,6,6,7.5,7.5,7.5,7.5,29.8,2567.5,68.2,85.64
14/06/2021 08:49,2352,1910.5,5.5,5.5,6.5,6.5,6.5,6.5,29.8,2568.5,68.3,85.64
14/06/2021 08:50,2326.5,1940,6,6,7,7,7,7,29.8,2572.5,68.2,85.64
14/06/2021 08:51,2307,1929.5,5,5,6.5,6.5,6.5,6.5,29.8,2572.5,68.2,85.64
14/06/2021 08:52,2310.5,1916,6.5,6.5,7.5,7.5,7.5,7.5,29.8,2569,68.2,85.64
14/06/2021 08:53,2303.5,1904.5,5.5,5.5,7,7,7,7,29.8,2569.5,68.15,85.64
14/06/2021 08:54,2321,1909.5,5,5,6,6,6,6,29.8,2566,68.1,85.64
14/06/2021 08:55,2311.5,1893,5,5,6.5,6.5,6.5,6.5,29.8,2564.5,68.1,85.64
14/06/2021 08:56,2268,1916.5,6.5,6.5,8,8,8,8,29.8,2560,68,85.64
14/06/2021 08:57,2298,1909.5,4,4,6,6,6,6,29.8,2557.5,68,85.64
14/06/2021 08:58,2355.5,1908.5,5.5,5.5,7,7,7,7,29.8,2552,67.95,85.64
14/06/2021 08:59,2313,1922,5.5,5.5,7.5,7.5,7.5,7.5,29.8,2549.5,67.9,85.64
14/06/2021 09:00,2334.5,1906.5,6,6,7,7,7,7,29.8,2544.5,67.9,85.64
14/06/2021 09:01,2281,1904,6.5,6.5,7.5,7.5,7.5,7.5,29.8,2545.5,67.9,85.64
14/06/2021 09:02,2330,1904,4.5,4.5,6,6,6,6,29.8,2545,67.8,85.64
14/06/2021 09:03,2309.5,1890.5,5,5,6.5,6.5,7,7,29.8,2540.5,67.8,85.64
14/06/2021 09:04,2336,1912,6,6,7.5,7.5,7.5,7.5,29.8,2538.5,67.75,85.64
14/06/2021 09:05,2338,1887.5,4.5,4.5,6,6,6.5,6.5,29.8,2539,67.8,85.64
14/06/2021 09:06,2293,1896,5,5,6,6,6,6,29.8,2539,67.8,85.64
14/06/2021 09:07,2327,1902,5.5,5.5,6.5,6.5,6.5,6.5,29.8,2537.5,67.75,85.64
14/06/2021 09:08,2329,1913.5,4.5,4.5,6,6,6,6,29.8,2538,67.7,85.64
14/06/2021 09:09,2311.5,1909,5.5,5.5,7,7,7,7,29.8,2535.5,67.75,85.64
14/06/2021 09:10,2276,1881.5,5,5,6.5,6.5,6.5,6.5,29.8,2538,67.7,85.64
14/06/2021 09:11,2281,1899,5.5,5.5,7,7,7.5,7.5,29.8,2540.5,67.65,85.64
14/06/2021 09:12,2278,1871.5,5,5,6.5,6.5,6.5,6.5,29.8,2540,67.7,85.64
14/06/2021 09:13,2279.5,1879,4.5,4.5,6,6,6,6,29.8,2534,67.65,85.64
14/06/2021 09:14,2303.5,1901.5,5,5,7,7,7,7,29.8,2527,67.6,85.64
14/06/2021 09:15,2296.5,1908.5,4,4,6,6,6,6,29.8,2529.5,67.6,85.64
14/06/2021 09:16,2285,1898,5,5,7,7,7,7,29.8,2530.5,67.6,85.64
14/06/2021 09:17,2304.5,1914.5,6.5,6.5,7.5,7.5,7.5,7.5,29.8,2533,67.6,85.64
14/06/2021 09:18,2224.5,1882.5,5,5,6.5,6.5,6.5,6.5,29.8,2534,67.6,85.64
14/06/2021 09:19,2271.5,1887.5,5.5,5.5,6.5,6.5,6.5,6.5,29.8,2531.5,67.6,85.64
14/06/2021 09:20,2302.5,1886.5,6,6,7,7,7,7,29.8,2531.5,67.6,85.64
14/06/2021 09:21,2302.5,1919,6,6,7,7,7,7,29.8,2536,67.6,85.64
14/06/2021 09:22,2255,1868.5,5.5,5.5,6,6,6,6,29.8,2537,67.6,85.64
14/06/2021 09:23,2257.5,1892,5.5,5.5,7,7,7,7,29.8,2540.5,67.55,85.64
14/06/2021 09:24,2242.5,1884.5,6,6,7,7,7,7,29.8,2539,67.5,85.64
14/06/2021 09:25,2203.5,1861,5.5,5.5,7.5,7.5,7.5,7.5,29.75,2536,67.45,85.55
14/06/2021 09:26,2196.5,1842.5,6,6,7.5,7.5,7.5,7.5,29.8,2536.5,67.5,85.64
14/06/2021 09:27,2219.5,1866.5,5,5,7,7,7,7,29.8,2533,67.4,85.64
14/06/2021 09:28,2156,1852,5,5,7,7,7,7,29.8,2527.5,67.3,85.64
14/06/2021 09:29,2206,1867.5,5,5,5.5,5.5,5.5,5.5,29.8,2521,67.35,85.64
14/06/2021 09:30,2254,1885.5,4,4,6,6,6,6,29.8,2521.5,67.4,85.64
14/06/2021 09:31,2262.5,1904.5,5.5,5.5,6.5,6.5,6.5,6.5,29.75,2522.5,67.35,85.55
14/06/2021 09:32,2256.5,1877,5,5,6,6,6,6,29.75,2525.5,67.45,85.55
14/06/2021 09:33,2233.5,1873.5,4.5,4.5,6.5,6.5,7,7,29.8,2528.5,67.4,85.64
14/06/2021 09:34,2224.5,1888.5,6.5,6.5,7.5,7.5,7.5,7.5,29.8,2531,67.4,85.64
14/06/2021 09:35,2248,1889.5,5.5,5.5,7,7,7,7,29.8,2530.5,67.4,85.64
14/06/2021 09:36,2248,1896.5,5.5,5.5,7,7,7,7,29.8,2532,67.4,85.64
14/06/2021 09:37,2253,1904,5.5,5.5,7.5,7.5,7.5,7.5,29.8,2530,67.4,85.64
14/06/2021 09:38,2235.5,1880.5,5,5,6,6,6,6,29.8,2529.5,67.4,85.64
14/06/2021 09:39,2254,1874,4.5,4.5,6,6,6,6,29.8,2532.5,67.35,85.64
14/06/2021 09:40,2228.5,1884,6,6,7,7,7,7,29.8,2529,67.3,85.64
14/06/2021 09:41,2239.5,1878,5,5,7,7,7,7,29.8,2524.5,67.3,85.64
14/06/2021 09:42,2225,1886,4.5,4.5,5.5,5.5,5.5,5.5,29.75,2523.5,67.3,85.55
14/06/2021 09:43,2225,1881,5.5,5.5,7,7,7,7,29.8,2524.5,67.3,85.64
14/06/2021 09:44,2247.5,1879,5.5,5.5,7.5,7.5,7.5,7.5,29.8,2521,67.3,85.64
14/06/2021 09:45,2230,1875,4,4,6,6,6,6,29.8,2517.5,67.3,85.64
14/06/2021 09:46,2192,1876,5.5,5.5,6.5,6.5,6.5,6.5,29.8,2521.5,67.3,85.64
14/06/2021 09:47,2248.5,1885.5,5.5,5.5,7,7,7,7,29.8,2523,67.3,85.64
14/06/2021 09:48,2272.5,1893.5,6,6,7,7,7,7,29.8,2519,67.3,85.64
14/06/2021 09:49,2263.5,1881,4.5,4.5,6,6,6,6,29.8,2519,67.25,85.64
14/06/2021 09:50,2225,1882,5.5,5.5,6.5,6.5,6.5,6.5,29.8,2519,67.25,85.64
14/06/2021 09:51,2253,1880.5,6,6,6.5,6.5,6.5,6.5,29.8,2518.5,67.25,85.64
14/06/2021 09:52,2260,1896,5.5,5.5,6,6,6,6,29.8,2518.5,67.25,85.64
14/06/2021 09:53,2238,1893.5,5.5,5.5,7,7,7,7,29.8,2518,67.25,85.64
14/06/2021 09:54,2241,1895,6,6,7,7,7,7,29.8,2519.5,67.25,85.64
14/06/2021 09:55,2207,1876.5,5,5,6,6,6,6,29.8,2520.5,67.2,85.64
14/06/2021 09:56,2241.5,1881.5,4,4,6,6,6,6,29.8,2517.5,67.2,85.64
14/06/2021 09:57,2136.5,1847,5.5,5.5,7,7,7,7,29.8,2515.5,67.2,85.64
14/06/2021 09:58,2131,1841.5,5,5,6.5,6.5,6.5,6.5,29.8,2509.5,67.1,85.64
14/06/2021 09:59,2176,1847.5,5.5,5.5,6.5,6.5,6.5,6.5,29.8,2504,67.05,85.64
14/06/2021 10:00,2199,1844,5,5,7,7,7,7,29.8,2505.5,67.1,85.64
14/06/2021 10:01,2296.5,1878,5.5,5.5,7,7,7,7,29.8,2506,67.15,85.64
14/06/2021 10:02,2266.5,1880,5,5,6,6,6,6,29.8,2507.5,67.2,85.64
14/06/2021 10:03,2284,1900.5,5,5,6.5,6.5,6.5,6.5,29.8,2508.5,67.2,85.64
14/06/2021 10:04,2234.5,1868.5,5,5,6,6,6,6,29.8,2509,67.2,85.64
14/06/2021 10:05,2284,1865,5,5,6,6,6,6,29.8,2508.5,67.3,85.64
14/06/2021 10:06,2276,1866.5,5.5,5.5,6.5,6.5,7,7,29.8,2514,67.3,85.64
14/06/2021 10:07,2276,1886.5,5,5,6,6,6,6,29.8,2522,67.3,85.64
14/06/2021 10:08,2268,1887.5,5.5,5.5,6,6,6,6,29.8,2525.5,67.3,85.64
14/06/2021 10:09,2282,1898,6,6,7.5,7.5,7.5,7.5,29.8,2530.5,67.3,85.64
14/06/2021 10:10,2263.5,1885.5,5,5,6.5,6.5,6.5,6.5,29.8,2532.5,67.3,85.64
14/06/2021 10:11,2268,1897,6,6,7.5,7.5,7.5,7.5,29.8,2531,67.3,85.64
14/06/2021 10:12,2287.5,1902.5,4.5,4.5,6.5,6.5,6.5,6.5,29.8,2532.5,67.3,85.64
14/06/2021 10:13,2256.5,1926,5,5,5.5,5.5,5.5,5.5,29.8,2534,67.3,85.64
14/06/2021 10:14,2260,1898,6,6,8.5,8.5,10,10,29.8,2532,67.3,85.64
14/06/2021 10:15,2260,1904.5,5.5,5.5,6.5,6.5,6.5,6.5,29.75,2530.5,67.25,85.55
14/06/2021 10:16,2214,1863.5,5,5,6.5,6.5,6.5,6.5,29.8,2527.5,67.2,85.64
14/06/2021 10:17,2240.5,1895,4,4,6,6,6,6,29.8,2522,67.2,85.64
14/06/2021 10:18,2210.5,1874,5,5,5.5,5.5,6,6,29.75,2523,67.15,85.55
14/06/2021 10:19,2206,1871,6,6,7.5,7.5,8.5,8.5,29.75,2521,67.15,85.55
14/06/2021 10:20,2216,1878,4,4,5.5,5.5,5.5,5.5,29.8,2520,67.15,85.64
14/06/2021 10:21,2218.5,1875,4.5,4.5,7,7,7,7,29.8,2523.5,67.2,85.64
14/06/2021 10:22,2266.5,1886.5,4.5,4.5,6,6,6,6,29.8,2523.5,67.2,85.64
14/06/2021 10:23,2252,1880,4.5,4.5,6,6,6,6,29.8,2528,67.2,85.64
14/06/2021 10:24,2246,1894.5,5,5,6,6,6,6,29.8,2532.5,67.2,85.64
14/06/2021 10:25,2264.5,1872.5,4.5,4.5,5.5,5.5,5.5,5.5,29.8,2535,67.2,85.64
14/06/2021 10:26,2262,1870,5,5,6.5,6.5,7,7,29.8,2540.5,67.2,85.64
14/06/2021 10:27,2246.5,1893,4.5,4.5,6.5,6.5,6.5,6.5,29.8,2542,67.2,85.64
14/06/2021 10:28,2253,1882,6,6,6.5,6.5,6.5,6.5,29.8,2538,67.2,85.64
14/06/2021 10:29,2198.5,1859,5.5,5.5,6.5,6.5,6.5,6.5,29.75,2537,67.15,85.55
14/06/2021 10:30,2184,1847.5,6.5,6.5,8,8,8,8,29.8,2527.5,67,85.64
14/06/2021 10:31,2202,1857,4.5,4.5,6,6,6,6,29.8,2525,67,85.64
14/06/2021 10:32,2243,1890.5,5,5,7,7,7,7,29.75,2529.5,67.05,85.55
14/06/2021 10:33,2240.5,1875,5,5,5.5,5.5,5.5,5.5,29.8,2532,67.1,85.64
14/06/2021 10:34,2232.5,1858.5,5.5,5.5,7,7,7,7,29.75,2533,67,85.55
14/06/2021 10:35,2223,1868.5,6,6,8,8,8,8,29.75,2532,67.05,85.55
14/06/2021 10:36,2259,1867.5,5.5,5.5,8.5,8.5,8.5,8.5,29.7,2532,66.95,85.46
14/06/2021 10:37,2204.5,1866,5,5,7,7,7,7,29.7,2532.5,66.95,85.46
14/06/2021 10:38,2196.5,1865.5,6,6,8,8,8,8,29.8,2529.5,67,85.64
14/06/2021 10:39,2187.5,1849,5,5,6,6,6,6,29.75,2526.5,66.9,85.55
14/06/2021 10:40,2127,1831,5.5,5.5,7,7,7,7,29.75,2517.5,66.8,85.55
14/06/2021 10:41,2192,1832,6,6,7,7,7,7,29.7,2513,66.7,85.46
14/06/2021 10:42,2207,1871,6,6,8,8,8,8,29.7,2513.5,66.8,85.46
14/06/2021 10:43,2203,1877,5.5,5.5,6.5,6.5,6.5,6.5,29.8,2515.5,66.8,85.64
14/06/2021 10:44,2217.5,1874,4.5,4.5,6,6,6,6,29.7,2521.5,66.8,85.46
14/06/2021 10:45,2214,1868.5,5.5,5.5,6.5,6.5,6.5,6.5,29.7,2526.5,66.8,85.46
